Using pre-set license
Built from '2021.3/china_unity/release' branch; Version is '2021.3.44f1c1 (0c301d0bd4e3) revision 798749'; Using compiler version '192829333'; Build Type 'Release'
OS: 'Windows 11  (10.0.26200) 64bit CoreCountrySpecific' Language: 'zh' Physical Memory: 15608 MB
BatchMode: 1, IsHumanControllingUs: 0, StartBugReporterOnCrash: 0, Is64bit: 1, IsPro: 1

COMMAND LINE ARGUMENTS:
D:\unity\2021.3.44f1c1\Editor\Unity.exe
-adb2
-batchMode
-noUpm
-name
AssetImportWorker4
-projectPath
E:/SixBox/RunnerGame
-logFile
Logs/AssetImportWorker4.log
-srvPort
57427
Successfully changed project path to: E:/SixBox/RunnerGame
E:/SixBox/RunnerGame
[UnityMemory] Configuration Parameters - Can be set up in boot.config
    "memorysetup-bucket-allocator-granularity=16"
    "memorysetup-bucket-allocator-bucket-count=8"
    "memorysetup-bucket-allocator-block-size=33554432"
    "memorysetup-bucket-allocator-block-count=8"
    "memorysetup-main-allocator-block-size=16777216"
    "memorysetup-thread-allocator-block-size=16777216"
    "memorysetup-gfx-main-allocator-block-size=16777216"
    "memorysetup-gfx-thread-allocator-block-size=16777216"
    "memorysetup-cache-allocator-block-size=4194304"
    "memorysetup-typetree-allocator-block-size=2097152"
    "memorysetup-profiler-bucket-allocator-granularity=16"
    "memorysetup-profiler-bucket-allocator-bucket-count=8"
    "memorysetup-profiler-bucket-allocator-block-size=33554432"
    "memorysetup-profiler-bucket-allocator-block-count=8"
    "memorysetup-profiler-allocator-block-size=16777216"
    "memorysetup-profiler-editor-allocator-block-size=1048576"
    "memorysetup-temp-allocator-size-main=16777216"
    "memorysetup-job-temp-allocator-block-size=2097152"
    "memorysetup-job-temp-allocator-block-size-background=1048576"
    "memorysetup-job-temp-allocator-reduction-small-platforms=262144"
    "memorysetup-temp-allocator-size-background-worker=32768"
    "memorysetup-temp-allocator-size-job-worker=262144"
    "memorysetup-temp-allocator-size-preload-manager=33554432"
    "memorysetup-temp-allocator-size-nav-mesh-worker=65536"
    "memorysetup-temp-allocator-size-audio-worker=65536"
    "memorysetup-temp-allocator-size-cloud-worker=32768"
    "memorysetup-temp-allocator-size-gi-baking-worker=262144"
    "memorysetup-temp-allocator-size-gfx=262144"
Player connection [47292] Host "[IP] 192.168.182.1 [Port] 0 [Flags] 2 [Guid] 1576644789 [EditorId] 1576644789 [Version] 1048832 [Id] WindowsEditor(7,LAPTOP-EB63KSAE) [Debug] 1 [PackageName] WindowsEditor [ProjectName] Editor" joined multi-casting on [225.0.0.222:54997]...

Player connection [47292] Host "[IP] 192.168.182.1 [Port] 0 [Flags] 2 [Guid] 1576644789 [EditorId] 1576644789 [Version] 1048832 [Id] WindowsEditor(7,LAPTOP-EB63KSAE) [Debug] 1 [PackageName] WindowsEditor [ProjectName] Editor" joined alternative multi-casting on [225.0.0.222:34997]...

AS: AutoStreaming module initializing.
[Physics::Module] Initialized MultithreadedJobDispatcher with {0} workers.
Refreshing native plugins compatible for Editor in 135.72 ms, found 14 plugins.
Preloading 3 native plugins for Editor in 14.80 ms.
Initialize engine version: 2021.3.44f1c1 (0c301d0bd4e3)
[Subsystems] Discovering subsystems at path D:/unity/2021.3.44f1c1/Editor/Data/Resources/UnitySubsystems
[Subsystems] Discovering subsystems at path E:/SixBox/RunnerGame/Assets
GfxDevice: creating device client; threaded=0; jobified=0
Direct3D:
    Version:  Direct3D 11.0 [level 11.1]
    Renderer: NVIDIA GeForce RTX 4050 Laptop GPU (ID=0x28e1)
    Vendor:   NVIDIA
    VRAM:     5921 MB
    Driver:   32.0.15.6626
Initialize mono
Mono path[0] = 'D:/unity/2021.3.44f1c1/Editor/Data/Managed'
Mono path[1] = 'D:/unity/2021.3.44f1c1/Editor/Data/MonoBleedingEdge/lib/mono/unityjit-win32'
Mono config path = 'D:/unity/2021.3.44f1c1/Editor/Data/MonoBleedingEdge/etc'
Using monoOptions --debugger-agent=transport=dt_socket,embedding=1,server=y,suspend=n,address=127.0.0.1:56992
Begin MonoManager ReloadAssembly
Registering precompiled unity dll's ...
Register platform support module: D:/unity/2021.3.44f1c1/Editor/Data/PlaybackEngines/AndroidPlayer/UnityEditor.Android.Extensions.dll
Register platform support module: D:/unity/2021.3.44f1c1/Editor/Data/PlaybackEngines/WindowsStandaloneSupport/UnityEditor.WindowsStandalone.Extensions.dll
Registered in 0.007995 seconds.
Native extension for WindowsStandalone target not found
Native extension for Android target not found
Android Extension - Scanning For ADB Devices 466 ms
Refreshing native plugins compatible for Editor in 92.37 ms, found 14 plugins.
Preloading 3 native plugins for Editor in 0.94 ms.
Mono: successfully reloaded assembly
- Completed reload, in  1.620 seconds
Domain Reload Profiling:
	ReloadAssembly (1621ms)
		BeginReloadAssembly (246ms)
			ExecutionOrderSort (0ms)
			DisableScriptedObjects (0ms)
			BackupInstance (0ms)
			ReleaseScriptingObjects (0ms)
			CreateAndSetChildDomain (1ms)
		EndReloadAssembly (1169ms)
			LoadAssemblies (228ms)
			RebuildTransferFunctionScriptingTraits (0ms)
			SetupTypeCache (157ms)
			ReleaseScriptCaches (0ms)
			RebuildScriptCaches (42ms)
			SetupLoadedEditorAssemblies (883ms)
				LogAssemblyErrors (0ms)
				InitializePlatformSupportModulesInManaged (578ms)
				SetLoadedEditorAssemblies (0ms)
				RefreshPlugins (93ms)
				BeforeProcessingInitializeOnLoad (2ms)
				ProcessInitializeOnLoadAttributes (146ms)
				ProcessInitializeOnLoadMethodAttributes (62ms)
				AfterProcessingInitializeOnLoad (0ms)
				EditorAssembliesLoaded (0ms)
			ExecutionOrderSort2 (0ms)
			AwakeInstancesAfterBackupRestoration (0ms)
Platform modules already initialized, skipping
Registering precompiled user dll's ...
Registered in 0.036645 seconds.
Begin MonoManager ReloadAssembly
Native extension for WindowsStandalone target not found
Native extension for Android target not found
Refreshing native plugins compatible for Editor in 92.94 ms, found 14 plugins.
Preloading 3 native plugins for Editor in 0.80 ms.
PXRLog [Build Check]RegisterBuildPlayerHandler,Already Do not show: False
UnityEngine.StackTraceUtility:ExtractStackTrace ()
UnityEngine.DebugLogHandler:LogFormat (UnityEngine.LogType,UnityEngine.Object,string,object[])
UnityEngine.Logger:Log (UnityEngine.LogType,object)
UnityEngine.Debug:Log (object)
Unity.XR.PXR.Editor.PXR_SDKBuildCheck:.cctor () (at PICO Unity Integration SDK-3.4.0-20260226/Editor/PXR_SDKBuildCheck.cs:31)
System.Runtime.CompilerServices.RuntimeHelpers:RunClassConstructor (System.RuntimeTypeHandle)
UnityEditor.EditorAssemblies:ProcessInitializeOnLoadAttributes (System.Type[])

(Filename: PICO Unity Integration SDK-3.4.0-20260226/Editor/PXR_SDKBuildCheck.cs Line: 31)

Package Manager log level set to [2]
[Package Manager] Server::EnsureServerProcessIsRunning -- launch failed, reason: Unity was launched with the -noUpm command-line argument
[Package Manager] Cannot connect to Unity Package Manager local server
Mono: successfully reloaded assembly
- Completed reload, in  2.860 seconds
Domain Reload Profiling:
	ReloadAssembly (2861ms)
		BeginReloadAssembly (257ms)
			ExecutionOrderSort (0ms)
			DisableScriptedObjects (8ms)
			BackupInstance (0ms)
			ReleaseScriptingObjects (0ms)
			CreateAndSetChildDomain (26ms)
		EndReloadAssembly (2403ms)
			LoadAssemblies (264ms)
			RebuildTransferFunctionScriptingTraits (0ms)
			SetupTypeCache (455ms)
			ReleaseScriptCaches (1ms)
			RebuildScriptCaches (89ms)
			SetupLoadedEditorAssemblies (1569ms)
				LogAssemblyErrors (0ms)
				InitializePlatformSupportModulesInManaged (23ms)
				SetLoadedEditorAssemblies (0ms)
				RefreshPlugins (94ms)
				BeforeProcessingInitializeOnLoad (133ms)
				ProcessInitializeOnLoadAttributes (1226ms)
				ProcessInitializeOnLoadMethodAttributes (58ms)
				AfterProcessingInitializeOnLoad (35ms)
				EditorAssembliesLoaded (0ms)
			ExecutionOrderSort2 (0ms)
			AwakeInstancesAfterBackupRestoration (9ms)
Platform modules already initialized, skipping
========================================================================
Worker process is ready to serve import requests
Launched and connected shader compiler UnityShaderCompiler.exe after 0.08 seconds
Refreshing native plugins compatible for Editor in 1.48 ms, found 14 plugins.
Preloading 3 native plugins for Editor in 0.90 ms.
Unloading 4659 Unused Serialized files (Serialized files now loaded: 0)
Unloading 59 unused Assets / (47.5 KB). Loaded Objects now: 5101.
Memory consumption went from 180.6 MB to 180.5 MB.
Total: 5.487400 ms (FindLiveObjects: 0.394200 ms CreateObjectMapping: 0.329200 ms MarkObjects: 4.617400 ms  DeleteObjects: 0.145200 ms)

AssetImportParameters requested are different than current active one (requested -> active):
  custom:video-decoder-ogg-theora: a1e56fd34408186e4bbccfd4996cb3dc -> 
  custom:container-muxer-webm: aa71ff27fc2769a1b78a27578f13a17b -> 
  custom:container-demuxer-webm: 4f35f7cbe854078d1ac9338744f61a02 -> 
  custom:video-encoder-webm-vp8: eb34c28f22e8b96e1ab97ce403110664 -> 
  custom:video-codec-MediaFoundation-h265: 746d11721c4dcdbdad8f713fa42b33f4 -> 
  custom:CustomObjectIndexerAttribute: bc11b3a6c3213fcdd17b65e7da85e133 -> 
  custom:audio-encoder-webm-vorbis: bf7c407c2cedff20999df2af8eb42d56 -> 
  custom:framework-win-MediaFoundation: 216162199b28c13a410421893ffa2e32 -> 
  custom:SearchIndexIgnoredProperties: e643bd26f0fe6173181afceb89e7c659 -> 
  custom:container-demuxer-ogg: 62fdf1f143b41e24485cea50d1cbac27 -> 
  custom:video-decoder-webm-vp8: 9c59270c3fd7afecdb556c50c9e8de78 -> 
  custom:audio-decoder-ogg-vorbis: bf7c407c2cedff20999df2af8eb42d56 -> 
========================================================================
Received Import Request.
  Time since last request: 11911.037715 seconds.
  path: Packages/com.unity.xr.picoxr/package.json
  artifactKey: Guid(3f12b7622b5f6c34291401dc5f49116e) Importer(815301076,1909f56bfc062723c751e8b465ee728b)
Number of updated assets reloaded before import = 0
Start importing Packages/com.unity.xr.picoxr/package.json using Guid(3f12b7622b5f6c34291401dc5f49116e) Importer(815301076,1909f56bfc062723c751e8b465ee728b)  -> (artifact id: 'ef81656e5409a934af6de40c0c26c711') in 0.100889 seconds 
Number of asset objects unloaded after import = 1
========================================================================
Received Import Request.
  Time since last request: 5.428590 seconds.
  path: Packages/com.unity.xr.picoxr/Assets/Resources/grid.jpg
  artifactKey: Guid(02b48b9ce5077ab4dad3610ab31cec68) Importer(815301076,1909f56bfc062723c751e8b465ee728b)
Number of updated assets reloaded before import = 0
Start importing Packages/com.unity.xr.picoxr/Assets/Resources/grid.jpg using Guid(02b48b9ce5077ab4dad3610ab31cec68) Importer(815301076,1909f56bfc062723c751e8b465ee728b)  -> (artifact id: '5771beb2296ab882692e33e335faa481') in 0.124922 seconds 
Number of asset objects unloaded after import = 2
========================================================================
Received Import Request.
  Time since last request: 4.929604 seconds.
  path: Packages/com.unity.xr.picoxr/Assets/Resources/Prefabs/Box2D.prefab
  artifactKey: Guid(262c747a1aabe464bab63ec0ac92d3c3) Importer(815301076,1909f56bfc062723c751e8b465ee728b)
Number of updated assets reloaded before import = 0
Start importing Packages/com.unity.xr.picoxr/Assets/Resources/Prefabs/Box2D.prefab using Guid(262c747a1aabe464bab63ec0ac92d3c3) Importer(815301076,1909f56bfc062723c751e8b465ee728b)  -> (artifact id: 'a079a9a29b0ade799d04eeaba4cdb3a3') in 0.131853 seconds 
Number of asset objects unloaded after import = 32
========================================================================
Received Import Request.
  Time since last request: 0.000035 seconds.
  path: Packages/com.unity.xr.picoxr/Assets/Resources/Prefabs/LeftControllerModel.prefab
  artifactKey: Guid(d792b21ba2f3e6e4ba026384d6d6536f) Importer(815301076,1909f56bfc062723c751e8b465ee728b)
Number of updated assets reloaded before import = 0
Start importing Packages/com.unity.xr.picoxr/Assets/Resources/Prefabs/LeftControllerModel.prefab using Guid(d792b21ba2f3e6e4ba026384d6d6536f) Importer(815301076,1909f56bfc062723c751e8b465ee728b)  -> (artifact id: '538165eefc2d0bc2dc3415374e08058f') in 0.105482 seconds 
Number of asset objects unloaded after import = 251
========================================================================
Received Import Request.
  Time since last request: 57.881425 seconds.
  path: Packages/com.unity.xr.picoxr/Assets/Resources/Prefabs
  artifactKey: Guid(cca971b3f1425104f9f4ddba9f6eac29) Importer(815301076,1909f56bfc062723c751e8b465ee728b)
Number of updated assets reloaded before import = 0
Start importing Packages/com.unity.xr.picoxr/Assets/Resources/Prefabs using Guid(cca971b3f1425104f9f4ddba9f6eac29) Importer(815301076,1909f56bfc062723c751e8b465ee728b)  -> (artifact id: '933794c0dd924f78e7fc8ac86bed5c6c') in 0.025612 seconds 
Number of asset objects unloaded after import = 0
========================================================================
Received Import Request.
  Time since last request: 72.698202 seconds.
  path: Packages/com.unity.xr.picoxr/Assets/Resources/Prefabs/RightControllerModel.prefab
  artifactKey: Guid(94f7925a0585b274fbc5fe6b8f9b1f4e) Importer(815301076,1909f56bfc062723c751e8b465ee728b)
Number of updated assets reloaded before import = 0
Start importing Packages/com.unity.xr.picoxr/Assets/Resources/Prefabs/RightControllerModel.prefab using Guid(94f7925a0585b274fbc5fe6b8f9b1f4e) Importer(815301076,1909f56bfc062723c751e8b465ee728b)  -> (artifact id: 'b22e89bfef27815dbaa9bd2149af5811') in 0.065547 seconds 
Number of asset objects unloaded after import = 251
========================================================================
Received Import Request.
  Time since last request: 15.570226 seconds.
  path: Packages/com.unity.xr.picoxr/Assets/Resources/Prefabs/LeftControllerModel.prefab
  artifactKey: Guid(d792b21ba2f3e6e4ba026384d6d6536f) Importer(815301076,1909f56bfc062723c751e8b465ee728b)
Number of updated assets reloaded before import = 0
Start importing Packages/com.unity.xr.picoxr/Assets/Resources/Prefabs/LeftControllerModel.prefab using Guid(d792b21ba2f3e6e4ba026384d6d6536f) Importer(815301076,1909f56bfc062723c751e8b465ee728b)  -> (artifact id: 'a7e06cc3041a4696d4d7e4a587610685') in 0.065582 seconds 
Number of asset objects unloaded after import = 251
========================================================================
Received Import Request.
  Time since last request: 394.035760 seconds.
  path: Packages/com.unity.xr.picoxr/Assets/Resources/Prefabs/HandRight.prefab
  artifactKey: Guid(e664d688bb65af54a9146781a2b6f500) Importer(815301076,1909f56bfc062723c751e8b465ee728b)
Number of updated assets reloaded before import = 0
Start importing Packages/com.unity.xr.picoxr/Assets/Resources/Prefabs/HandRight.prefab using Guid(e664d688bb65af54a9146781a2b6f500) Importer(815301076,1909f56bfc062723c751e8b465ee728b)  -> (artifact id: 'd317b925de072d9fa156599254f6c9b4') in 0.030421 seconds 
Number of asset objects unloaded after import = 131
========================================================================
Received Import Request.
  Time since last request: 3.072720 seconds.
  path: Packages/com.unity.xr.picoxr/Assets/Resources/Prefabs/HandLeft.prefab
  artifactKey: Guid(6abc76b40b133154a91d14528cc20ba5) Importer(815301076,1909f56bfc062723c751e8b465ee728b)
Number of updated assets reloaded before import = 0
Start importing Packages/com.unity.xr.picoxr/Assets/Resources/Prefabs/HandLeft.prefab using Guid(6abc76b40b133154a91d14528cc20ba5) Importer(815301076,1909f56bfc062723c751e8b465ee728b)  -> (artifact id: '90865c11422c8a3b3d9d7f9d80adf530') in 0.028040 seconds 
Number of asset objects unloaded after import = 131
========================================================================
Received Import Request.
  Time since last request: 33.952369 seconds.
  path: Packages/com.unity.xr.picoxr/Assets/Resources/Prefabs/HandRight.prefab
  artifactKey: Guid(e664d688bb65af54a9146781a2b6f500) Importer(815301076,1909f56bfc062723c751e8b465ee728b)
Number of updated assets reloaded before import = 0
Start importing Packages/com.unity.xr.picoxr/Assets/Resources/Prefabs/HandRight.prefab using Guid(e664d688bb65af54a9146781a2b6f500) Importer(815301076,1909f56bfc062723c751e8b465ee728b)  -> (artifact id: 'd368427aa2d5e70724ca2b7257e12893') in 0.132885 seconds 
Number of asset objects unloaded after import = 131
========================================================================
Received Import Request.
  Time since last request: 2.330635 seconds.
  path: Packages/com.unity.xr.picoxr/Assets/Resources/Prefabs/HandLeft.prefab
  artifactKey: Guid(6abc76b40b133154a91d14528cc20ba5) Importer(815301076,1909f56bfc062723c751e8b465ee728b)
Number of updated assets reloaded before import = 0
Start importing Packages/com.unity.xr.picoxr/Assets/Resources/Prefabs/HandLeft.prefab using Guid(6abc76b40b133154a91d14528cc20ba5) Importer(815301076,1909f56bfc062723c751e8b465ee728b)  -> (artifact id: '336e297d326e7d4d4bb3b6849efeabc5') in 0.023031 seconds 
Number of asset objects unloaded after import = 131
========================================================================
Received Import Request.
  Time since last request: 3.404612 seconds.
  path: Packages/com.unity.xr.picoxr/Assets/Resources/Prefabs/HandLeft.prefab
  artifactKey: Guid(6abc76b40b133154a91d14528cc20ba5) Importer(815301076,1909f56bfc062723c751e8b465ee728b)
Number of updated assets reloaded before import = 0
Start importing Packages/com.unity.xr.picoxr/Assets/Resources/Prefabs/HandLeft.prefab using Guid(6abc76b40b133154a91d14528cc20ba5) Importer(815301076,1909f56bfc062723c751e8b465ee728b)  -> (artifact id: 'b0a84e41831d148ad7e6db86237576e0') in 0.028255 seconds 
Number of asset objects unloaded after import = 131
========================================================================
Received Import Request.
  Time since last request: 6.681415 seconds.
  path: Packages/com.unity.xr.picoxr/Assets/Resources/Prefabs/HandRight.prefab
  artifactKey: Guid(e664d688bb65af54a9146781a2b6f500) Importer(815301076,1909f56bfc062723c751e8b465ee728b)
Number of updated assets reloaded before import = 0
Start importing Packages/com.unity.xr.picoxr/Assets/Resources/Prefabs/HandRight.prefab using Guid(e664d688bb65af54a9146781a2b6f500) Importer(815301076,1909f56bfc062723c751e8b465ee728b)  -> (artifact id: '0b2671060931f6dc40ce1585bdb68d88') in 0.025486 seconds 
Number of asset objects unloaded after import = 131
========================================================================
Received Import Request.
  Time since last request: 219.455851 seconds.
  path: Assets/Scripts/XR
  artifactKey: Guid(481b87077849b964281afc32a2372a1c) Importer(815301076,1909f56bfc062723c751e8b465ee728b)
Number of updated assets reloaded before import = 0
Start importing Assets/Scripts/XR using Guid(481b87077849b964281afc32a2372a1c) Importer(815301076,1909f56bfc062723c751e8b465ee728b)  -> (artifact id: 'b9582d041ba2f334d5906e9126ee28f2') in 0.015629 seconds 
Number of asset objects unloaded after import = 0
========================================================================
Received Import Request.
  Time since last request: 41.540136 seconds.
  path: Assets/Scripts/XR/PassThroughManager.cs
  artifactKey: Guid(4a33f80a7e6cd0f459a8fc07fbef6815) Importer(815301076,1909f56bfc062723c751e8b465ee728b)
Number of updated assets reloaded before import = 0
Start importing Assets/Scripts/XR/PassThroughManager.cs using Guid(4a33f80a7e6cd0f459a8fc07fbef6815) Importer(815301076,1909f56bfc062723c751e8b465ee728b)  -> (artifact id: '03aae27419338a0fa4ebd40e4b14108d') in 0.036116 seconds 
Number of asset objects unloaded after import = 0
========================================================================
Received Prepare
Registering precompiled user dll's ...
Registered in 0.038209 seconds.
Begin MonoManager ReloadAssembly
Native extension for WindowsStandalone target not found
Native extension for Android target not found
Refreshing native plugins compatible for Editor in 1.35 ms, found 14 plugins.
Preloading 3 native plugins for Editor in 0.86 ms.
PXRLog [Build Check]RegisterBuildPlayerHandler,Already Do not show: False
UnityEngine.StackTraceUtility:ExtractStackTrace ()
UnityEngine.DebugLogHandler:LogFormat (UnityEngine.LogType,UnityEngine.Object,string,object[])
UnityEngine.Logger:Log (UnityEngine.LogType,object)
UnityEngine.Debug:Log (object)
Unity.XR.PXR.Editor.PXR_SDKBuildCheck:.cctor () (at PICO Unity Integration SDK-3.4.0-20260226/Editor/PXR_SDKBuildCheck.cs:31)
System.Runtime.CompilerServices.RuntimeHelpers:RunClassConstructor (System.RuntimeTypeHandle)
UnityEditor.EditorAssemblies:ProcessInitializeOnLoadAttributes (System.Type[])

(Filename: PICO Unity Integration SDK-3.4.0-20260226/Editor/PXR_SDKBuildCheck.cs Line: 31)

[Package Manager] Server::EnsureServerProcessIsRunning -- launch failed, reason: Unity was launched with the -noUpm command-line argument
[Package Manager] Cannot connect to Unity Package Manager local server
[Package Manager] Server::EnsureServerProcessIsRunning -- launch failed, reason: Unity was launched with the -noUpm command-line argument
[Package Manager] Cannot connect to Unity Package Manager local server
[Package Manager] Server::EnsureServerProcessIsRunning -- launch failed, reason: Unity was launched with the -noUpm command-line argument
[Package Manager] Cannot connect to Unity Package Manager local server
[Package Manager] Server::EnsureServerProcessIsRunning -- launch failed, reason: Unity was launched with the -noUpm command-line argument
[Package Manager] Cannot connect to Unity Package Manager local server
进程外导入时不支持 CreateSerializedAsset
UnityEngine.StackTraceUtility:ExtractStackTrace ()
Unity.XR.PXR.PXR_ProjectSetting:GetProjectConfig () (at PICO Unity Integration SDK-3.4.0-20260226/Runtime/Scripts/PXR_ProjectSetting.cs:125)
Unity.XR.PXR.Editor.PXR_SDKSettingEditor:InitializeOnLoad () (at PICO Unity Integration SDK-3.4.0-20260226/Editor/PXR_SDKSettingEditor.cs:146)
System.Reflection.RuntimeMethodInfo:Invoke (object,System.Reflection.BindingFlags,System.Reflection.Binder,object[],System.Globalization.CultureInfo)
System.Reflection.MethodBase:Invoke (object,object[])
UnityEditor.EditorAssemblies:ProcessInitializeOnLoadMethodAttributes ()

[PICO Unity Integration SDK-3.4.0-20260226/Runtime/Scripts/PXR_ProjectSetting.cs line 125]

System.Reflection.TargetInvocationException: Exception has been thrown by the target of an invocation. ---> UnityEngine.UnityException: Creating asset at path Assets/Resources/PXR_ProjectSetting.asset failed.
  at (wrapper managed-to-native) UnityEditor.AssetDatabase.CreateAsset(UnityEngine.Object,string)
  at Unity.XR.PXR.PXR_ProjectSetting.GetProjectConfig () [0x0016f] in E:\SixBox\RunnerGame\PICO Unity Integration SDK-3.4.0-20260226\Runtime\Scripts\PXR_ProjectSetting.cs:125 
  at Unity.XR.PXR.Editor.PXR_SDKSettingEditor.InitializeOnLoad () [0x00000] in E:\SixBox\RunnerGame\PICO Unity Integration SDK-3.4.0-20260226\Editor\PXR_SDKSettingEditor.cs:146 
  at (wrapper managed-to-native) System.Reflection.RuntimeMethodInfo.InternalInvoke(System.Reflection.RuntimeMethodInfo,object,object[],System.Exception&)
  at System.Reflection.RuntimeMethodInfo.Invoke (System.Object obj, System.Reflection.BindingFlags invokeAttr, System.Reflection.Binder binder, System.Object[] parameters, System.Globalization.CultureInfo culture) [0x0006a] in <688f272cc27c4df98c503f9d1f1267d0>:0 
   --- End of inner exception stack trace ---
  at System.Reflection.RuntimeMethodInfo.Invoke (System.Object obj, System.Reflection.BindingFlags invokeAttr, System.Reflection.Binder binder, System.Object[] parameters, System.Globalization.CultureInfo culture) [0x00083] in <688f272cc27c4df98c503f9d1f1267d0>:0 
  at System.Reflection.MethodBase.Invoke (System.Object obj, System.Object[] parameters) [0x00000] in <688f272cc27c4df98c503f9d1f1267d0>:0 
  at UnityEditor.EditorAssemblies.ProcessInitializeOnLoadMethodAttributes () [0x000a5] in <1518627dacca44efa32edd45bc720c48>:0 
UnityEngine.StackTraceUtility:ExtractStackTrace ()
UnityEngine.DebugLogHandler:LogFormat (UnityEngine.LogType,UnityEngine.Object,string,object[])
UnityEngine.Logger:Log (UnityEngine.LogType,object)
UnityEngine.Debug:LogError (object)
UnityEditor.EditorAssemblies:ProcessInitializeOnLoadMethodAttributes ()

Mono: successfully reloaded assembly
- Completed reload, in  3.213 seconds
Domain Reload Profiling:
	ReloadAssembly (3214ms)
		BeginReloadAssembly (358ms)
			ExecutionOrderSort (0ms)
			DisableScriptedObjects (8ms)
			BackupInstance (0ms)
			ReleaseScriptingObjects (0ms)
			CreateAndSetChildDomain (60ms)
		EndReloadAssembly (2649ms)
			LoadAssemblies (310ms)
			RebuildTransferFunctionScriptingTraits (0ms)
			SetupTypeCache (450ms)
			ReleaseScriptCaches (2ms)
			RebuildScriptCaches (66ms)
			SetupLoadedEditorAssemblies (1802ms)
				LogAssemblyErrors (0ms)
				InitializePlatformSupportModulesInManaged (29ms)
				SetLoadedEditorAssemblies (1ms)
				RefreshPlugins (2ms)
				BeforeProcessingInitializeOnLoad (121ms)
				ProcessInitializeOnLoadAttributes (1514ms)
				ProcessInitializeOnLoadMethodAttributes (78ms)
				AfterProcessingInitializeOnLoad (56ms)
				EditorAssembliesLoaded (1ms)
			ExecutionOrderSort2 (0ms)
			AwakeInstancesAfterBackupRestoration (14ms)
Platform modules already initialized, skipping
Refreshing native plugins compatible for Editor in 2.51 ms, found 14 plugins.
Preloading 3 native plugins for Editor in 1.38 ms.
Unloading 4609 Unused Serialized files (Serialized files now loaded: 0)
Unloading 53 unused Assets / (66.1 KB). Loaded Objects now: 5119.
Memory consumption went from 187.2 MB to 187.1 MB.
Total: 7.452200 ms (FindLiveObjects: 0.444100 ms CreateObjectMapping: 0.408900 ms MarkObjects: 6.436600 ms  DeleteObjects: 0.160100 ms)

AssetImportParameters requested are different than current active one (requested -> active):
  custom:video-decoder-ogg-theora: a1e56fd34408186e4bbccfd4996cb3dc -> 
  custom:container-muxer-webm: aa71ff27fc2769a1b78a27578f13a17b -> 
  custom:container-demuxer-webm: 4f35f7cbe854078d1ac9338744f61a02 -> 
  custom:video-encoder-webm-vp8: eb34c28f22e8b96e1ab97ce403110664 -> 
  custom:video-codec-MediaFoundation-h265: 746d11721c4dcdbdad8f713fa42b33f4 -> 
  custom:CustomObjectIndexerAttribute: bc11b3a6c3213fcdd17b65e7da85e133 -> 
  custom:audio-encoder-webm-vorbis: bf7c407c2cedff20999df2af8eb42d56 -> 
  custom:framework-win-MediaFoundation: 216162199b28c13a410421893ffa2e32 -> 
  custom:SearchIndexIgnoredProperties: e643bd26f0fe6173181afceb89e7c659 -> 
  custom:container-demuxer-ogg: 62fdf1f143b41e24485cea50d1cbac27 -> 
  custom:video-decoder-webm-vp8: 9c59270c3fd7afecdb556c50c9e8de78 -> 
  custom:audio-decoder-ogg-vorbis: bf7c407c2cedff20999df2af8eb42d56 -> 
========================================================================
Received Prepare
Registering precompiled user dll's ...
Registered in 0.039454 seconds.
Begin MonoManager ReloadAssembly
Native extension for WindowsStandalone target not found
Native extension for Android target not found
Refreshing native plugins compatible for Editor in 2.13 ms, found 14 plugins.
Preloading 3 native plugins for Editor in 1.57 ms.
PXRLog [Build Check]RegisterBuildPlayerHandler,Already Do not show: False
UnityEngine.StackTraceUtility:ExtractStackTrace ()
UnityEngine.DebugLogHandler:LogFormat (UnityEngine.LogType,UnityEngine.Object,string,object[])
UnityEngine.Logger:Log (UnityEngine.LogType,object)
UnityEngine.Debug:Log (object)
Unity.XR.PXR.Editor.PXR_SDKBuildCheck:.cctor () (at PICO Unity Integration SDK-3.4.0-20260226/Editor/PXR_SDKBuildCheck.cs:31)
System.Runtime.CompilerServices.RuntimeHelpers:RunClassConstructor (System.RuntimeTypeHandle)
UnityEditor.EditorAssemblies:ProcessInitializeOnLoadAttributes (System.Type[])

(Filename: PICO Unity Integration SDK-3.4.0-20260226/Editor/PXR_SDKBuildCheck.cs Line: 31)

[Package Manager] Server::EnsureServerProcessIsRunning -- launch failed, reason: Unity was launched with the -noUpm command-line argument
[Package Manager] Cannot connect to Unity Package Manager local server
[Package Manager] Server::EnsureServerProcessIsRunning -- launch failed, reason: Unity was launched with the -noUpm command-line argument
[Package Manager] Cannot connect to Unity Package Manager local server
[Package Manager] Server::EnsureServerProcessIsRunning -- launch failed, reason: Unity was launched with the -noUpm command-line argument
[Package Manager] Cannot connect to Unity Package Manager local server
进程外导入时不支持 CreateSerializedAsset
UnityEngine.StackTraceUtility:ExtractStackTrace ()
Unity.XR.PXR.PXR_ProjectSetting:GetProjectConfig () (at PICO Unity Integration SDK-3.4.0-20260226/Runtime/Scripts/PXR_ProjectSetting.cs:125)
Unity.XR.PXR.Editor.PXR_SDKSettingEditor:InitializeOnLoad () (at PICO Unity Integration SDK-3.4.0-20260226/Editor/PXR_SDKSettingEditor.cs:146)
System.Reflection.RuntimeMethodInfo:Invoke (object,System.Reflection.BindingFlags,System.Reflection.Binder,object[],System.Globalization.CultureInfo)
System.Reflection.MethodBase:Invoke (object,object[])
UnityEditor.EditorAssemblies:ProcessInitializeOnLoadMethodAttributes ()

[PICO Unity Integration SDK-3.4.0-20260226/Runtime/Scripts/PXR_ProjectSetting.cs line 125]

System.Reflection.TargetInvocationException: Exception has been thrown by the target of an invocation. ---> UnityEngine.UnityException: Creating asset at path Assets/Resources/PXR_ProjectSetting.asset failed.
  at (wrapper managed-to-native) UnityEditor.AssetDatabase.CreateAsset(UnityEngine.Object,string)
  at Unity.XR.PXR.PXR_ProjectSetting.GetProjectConfig () [0x0016f] in E:\SixBox\RunnerGame\PICO Unity Integration SDK-3.4.0-20260226\Runtime\Scripts\PXR_ProjectSetting.cs:125 
  at Unity.XR.PXR.Editor.PXR_SDKSettingEditor.InitializeOnLoad () [0x00000] in E:\SixBox\RunnerGame\PICO Unity Integration SDK-3.4.0-20260226\Editor\PXR_SDKSettingEditor.cs:146 
  at (wrapper managed-to-native) System.Reflection.RuntimeMethodInfo.InternalInvoke(System.Reflection.RuntimeMethodInfo,object,object[],System.Exception&)
  at System.Reflection.RuntimeMethodInfo.Invoke (System.Object obj, System.Reflection.BindingFlags invokeAttr, System.Reflection.Binder binder, System.Object[] parameters, System.Globalization.CultureInfo culture) [0x0006a] in <688f272cc27c4df98c503f9d1f1267d0>:0 
   --- End of inner exception stack trace ---
  at System.Reflection.RuntimeMethodInfo.Invoke (System.Object obj, System.Reflection.BindingFlags invokeAttr, System.Reflection.Binder binder, System.Object[] parameters, System.Globalization.CultureInfo culture) [0x00083] in <688f272cc27c4df98c503f9d1f1267d0>:0 
  at System.Reflection.MethodBase.Invoke (System.Object obj, System.Object[] parameters) [0x00000] in <688f272cc27c4df98c503f9d1f1267d0>:0 
  at UnityEditor.EditorAssemblies.ProcessInitializeOnLoadMethodAttributes () [0x000a5] in <1518627dacca44efa32edd45bc720c48>:0 
UnityEngine.StackTraceUtility:ExtractStackTrace ()
UnityEngine.DebugLogHandler:LogFormat (UnityEngine.LogType,UnityEngine.Object,string,object[])
UnityEngine.Logger:Log (UnityEngine.LogType,object)
UnityEngine.Debug:LogError (object)
UnityEditor.EditorAssemblies:ProcessInitializeOnLoadMethodAttributes ()

Mono: successfully reloaded assembly
- Completed reload, in  3.291 seconds
Domain Reload Profiling:
	ReloadAssembly (3292ms)
		BeginReloadAssembly (366ms)
			ExecutionOrderSort (0ms)
			DisableScriptedObjects (8ms)
			BackupInstance (0ms)
			ReleaseScriptingObjects (0ms)
			CreateAndSetChildDomain (64ms)
		EndReloadAssembly (2699ms)
			LoadAssemblies (314ms)
			RebuildTransferFunctionScriptingTraits (0ms)
			SetupTypeCache (442ms)
			ReleaseScriptCaches (2ms)
			RebuildScriptCaches (79ms)
			SetupLoadedEditorAssemblies (1830ms)
				LogAssemblyErrors (0ms)
				InitializePlatformSupportModulesInManaged (30ms)
				SetLoadedEditorAssemblies (1ms)
				RefreshPlugins (4ms)
				BeforeProcessingInitializeOnLoad (149ms)
				ProcessInitializeOnLoadAttributes (1515ms)
				ProcessInitializeOnLoadMethodAttributes (75ms)
				AfterProcessingInitializeOnLoad (57ms)
				EditorAssembliesLoaded (0ms)
			ExecutionOrderSort2 (0ms)
			AwakeInstancesAfterBackupRestoration (13ms)
Platform modules already initialized, skipping
Refreshing native plugins compatible for Editor in 1.61 ms, found 14 plugins.
Preloading 3 native plugins for Editor in 0.89 ms.
Unloading 4609 Unused Serialized files (Serialized files now loaded: 0)
Unloading 52 unused Assets / (23.0 KB). Loaded Objects now: 5124.
Memory consumption went from 187.2 MB to 187.1 MB.
Total: 6.239100 ms (FindLiveObjects: 0.489800 ms CreateObjectMapping: 0.590800 ms MarkObjects: 5.108000 ms  DeleteObjects: 0.049200 ms)

AssetImportParameters requested are different than current active one (requested -> active):
  custom:video-decoder-ogg-theora: a1e56fd34408186e4bbccfd4996cb3dc -> 
  custom:container-muxer-webm: aa71ff27fc2769a1b78a27578f13a17b -> 
  custom:container-demuxer-webm: 4f35f7cbe854078d1ac9338744f61a02 -> 
  custom:video-encoder-webm-vp8: eb34c28f22e8b96e1ab97ce403110664 -> 
  custom:video-codec-MediaFoundation-h265: 746d11721c4dcdbdad8f713fa42b33f4 -> 
  custom:CustomObjectIndexerAttribute: bc11b3a6c3213fcdd17b65e7da85e133 -> 
  custom:audio-encoder-webm-vorbis: bf7c407c2cedff20999df2af8eb42d56 -> 
  custom:framework-win-MediaFoundation: 216162199b28c13a410421893ffa2e32 -> 
  custom:SearchIndexIgnoredProperties: e643bd26f0fe6173181afceb89e7c659 -> 
  custom:container-demuxer-ogg: 62fdf1f143b41e24485cea50d1cbac27 -> 
  custom:video-decoder-webm-vp8: 9c59270c3fd7afecdb556c50c9e8de78 -> 
  custom:audio-decoder-ogg-vorbis: bf7c407c2cedff20999df2af8eb42d56 -> 
========================================================================
Received Import Request.
  Time since last request: 461.488513 seconds.
  path: Assets/Scripts/XR/PassThroughManager.cs
  artifactKey: Guid(4a33f80a7e6cd0f459a8fc07fbef6815) Importer(815301076,1909f56bfc062723c751e8b465ee728b)
Number of updated assets reloaded before import = 0
Start importing Assets/Scripts/XR/PassThroughManager.cs using Guid(4a33f80a7e6cd0f459a8fc07fbef6815) Importer(815301076,1909f56bfc062723c751e8b465ee728b)  -> (artifact id: 'a54a9e8161edf926e26bf705e8a44516') in 0.025061 seconds 
Number of asset objects unloaded after import = 0
========================================================================
Received Import Request.
  Time since last request: 317.384671 seconds.
  path: Assets/PXR_HandPoseConfig_0517060731.asset
  artifactKey: Guid(c1e68bb1675228144af462625bcc8a93) Importer(815301076,1909f56bfc062723c751e8b465ee728b)
Number of updated assets reloaded before import = 0
Start importing Assets/PXR_HandPoseConfig_0517060731.asset using Guid(c1e68bb1675228144af462625bcc8a93) Importer(815301076,1909f56bfc062723c751e8b465ee728b)  -> (artifact id: 'ebd7631d72398ebf15563e38cbcafad6') in 0.046338 seconds 
Number of asset objects unloaded after import = 1
========================================================================
Received Import Request.
  Time since last request: 706.752420 seconds.
  path: Assets/Scenes/level1.unity
  artifactKey: Guid(9fc0d4010bbf28b4594072e72b8655ab) Importer(815301076,1909f56bfc062723c751e8b465ee728b)
Number of updated assets reloaded before import = 0
Start importing Assets/Scenes/level1.unity using Guid(9fc0d4010bbf28b4594072e72b8655ab) Importer(815301076,1909f56bfc062723c751e8b465ee728b)  -> (artifact id: '72fcb0a2551fa8d4bfab4df663365148') in 0.021393 seconds 
Number of asset objects unloaded after import = 0
========================================================================
Received Prepare
Registering precompiled user dll's ...
Registered in 0.047140 seconds.
Begin MonoManager ReloadAssembly
Native extension for WindowsStandalone target not found
Native extension for Android target not found
Refreshing native plugins compatible for Editor in 1.96 ms, found 14 plugins.
Preloading 3 native plugins for Editor in 1.46 ms.
PXRLog [Build Check]RegisterBuildPlayerHandler,Already Do not show: False
UnityEngine.StackTraceUtility:ExtractStackTrace ()
UnityEngine.DebugLogHandler:LogFormat (UnityEngine.LogType,UnityEngine.Object,string,object[])
UnityEngine.Logger:Log (UnityEngine.LogType,object)
UnityEngine.Debug:Log (object)
Unity.XR.PXR.Editor.PXR_SDKBuildCheck:.cctor () (at PICO Unity Integration SDK-3.4.0-20260226/Editor/PXR_SDKBuildCheck.cs:31)
System.Runtime.CompilerServices.RuntimeHelpers:RunClassConstructor (System.RuntimeTypeHandle)
UnityEditor.EditorAssemblies:ProcessInitializeOnLoadAttributes (System.Type[])

(Filename: PICO Unity Integration SDK-3.4.0-20260226/Editor/PXR_SDKBuildCheck.cs Line: 31)

[Package Manager] Server::EnsureServerProcessIsRunning -- launch failed, reason: Unity was launched with the -noUpm command-line argument
[Package Manager] Cannot connect to Unity Package Manager local server
[Package Manager] Server::EnsureServerProcessIsRunning -- launch failed, reason: Unity was launched with the -noUpm command-line argument
[Package Manager] Cannot connect to Unity Package Manager local server
[Package Manager] Server::EnsureServerProcessIsRunning -- launch failed, reason: Unity was launched with the -noUpm command-line argument
[Package Manager] Cannot connect to Unity Package Manager local server
进程外导入时不支持 CreateSerializedAsset
UnityEngine.StackTraceUtility:ExtractStackTrace ()
Unity.XR.PXR.PXR_ProjectSetting:GetProjectConfig () (at PICO Unity Integration SDK-3.4.0-20260226/Runtime/Scripts/PXR_ProjectSetting.cs:125)
Unity.XR.PXR.Editor.PXR_SDKSettingEditor:InitializeOnLoad () (at PICO Unity Integration SDK-3.4.0-20260226/Editor/PXR_SDKSettingEditor.cs:146)
System.Reflection.RuntimeMethodInfo:Invoke (object,System.Reflection.BindingFlags,System.Reflection.Binder,object[],System.Globalization.CultureInfo)
System.Reflection.MethodBase:Invoke (object,object[])
UnityEditor.EditorAssemblies:ProcessInitializeOnLoadMethodAttributes ()

[PICO Unity Integration SDK-3.4.0-20260226/Runtime/Scripts/PXR_ProjectSetting.cs line 125]

System.Reflection.TargetInvocationException: Exception has been thrown by the target of an invocation. ---> UnityEngine.UnityException: Creating asset at path Assets/Resources/PXR_ProjectSetting.asset failed.
  at (wrapper managed-to-native) UnityEditor.AssetDatabase.CreateAsset(UnityEngine.Object,string)
  at Unity.XR.PXR.PXR_ProjectSetting.GetProjectConfig () [0x0016f] in E:\SixBox\RunnerGame\PICO Unity Integration SDK-3.4.0-20260226\Runtime\Scripts\PXR_ProjectSetting.cs:125 
  at Unity.XR.PXR.Editor.PXR_SDKSettingEditor.InitializeOnLoad () [0x00000] in E:\SixBox\RunnerGame\PICO Unity Integration SDK-3.4.0-20260226\Editor\PXR_SDKSettingEditor.cs:146 
  at (wrapper managed-to-native) System.Reflection.RuntimeMethodInfo.InternalInvoke(System.Reflection.RuntimeMethodInfo,object,object[],System.Exception&)
  at System.Reflection.RuntimeMethodInfo.Invoke (System.Object obj, System.Reflection.BindingFlags invokeAttr, System.Reflection.Binder binder, System.Object[] parameters, System.Globalization.CultureInfo culture) [0x0006a] in <688f272cc27c4df98c503f9d1f1267d0>:0 
   --- End of inner exception stack trace ---
  at System.Reflection.RuntimeMethodInfo.Invoke (System.Object obj, System.Reflection.BindingFlags invokeAttr, System.Reflection.Binder binder, System.Object[] parameters, System.Globalization.CultureInfo culture) [0x00083] in <688f272cc27c4df98c503f9d1f1267d0>:0 
  at System.Reflection.MethodBase.Invoke (System.Object obj, System.Object[] parameters) [0x00000] in <688f272cc27c4df98c503f9d1f1267d0>:0 
  at UnityEditor.EditorAssemblies.ProcessInitializeOnLoadMethodAttributes () [0x000a5] in <1518627dacca44efa32edd45bc720c48>:0 
UnityEngine.StackTraceUtility:ExtractStackTrace ()
UnityEngine.DebugLogHandler:LogFormat (UnityEngine.LogType,UnityEngine.Object,string,object[])
UnityEngine.Logger:Log (UnityEngine.LogType,object)
UnityEngine.Debug:LogError (object)
UnityEditor.EditorAssemblies:ProcessInitializeOnLoadMethodAttributes ()

Mono: successfully reloaded assembly
- Completed reload, in  3.345 seconds
Domain Reload Profiling:
	ReloadAssembly (3346ms)
		BeginReloadAssembly (389ms)
			ExecutionOrderSort (0ms)
			DisableScriptedObjects (6ms)
			BackupInstance (0ms)
			ReleaseScriptingObjects (0ms)
			CreateAndSetChildDomain (68ms)
		EndReloadAssembly (2680ms)
			LoadAssemblies (360ms)
			RebuildTransferFunctionScriptingTraits (0ms)
			SetupTypeCache (516ms)
			ReleaseScriptCaches (2ms)
			RebuildScriptCaches (68ms)
			SetupLoadedEditorAssemblies (1716ms)
				LogAssemblyErrors (0ms)
				InitializePlatformSupportModulesInManaged (33ms)
				SetLoadedEditorAssemblies (1ms)
				RefreshPlugins (4ms)
				BeforeProcessingInitializeOnLoad (132ms)
				ProcessInitializeOnLoadAttributes (1433ms)
				ProcessInitializeOnLoadMethodAttributes (68ms)
				AfterProcessingInitializeOnLoad (44ms)
				EditorAssembliesLoaded (0ms)
			ExecutionOrderSort2 (0ms)
			AwakeInstancesAfterBackupRestoration (11ms)
Platform modules already initialized, skipping
Refreshing native plugins compatible for Editor in 2.50 ms, found 14 plugins.
Preloading 3 native plugins for Editor in 1.33 ms.
Unloading 4609 Unused Serialized files (Serialized files now loaded: 0)
Unloading 52 unused Assets / (23.0 KB). Loaded Objects now: 5129.
Memory consumption went from 187.2 MB to 187.2 MB.
Total: 6.165100 ms (FindLiveObjects: 0.458300 ms CreateObjectMapping: 0.494100 ms MarkObjects: 5.126100 ms  DeleteObjects: 0.084500 ms)

AssetImportParameters requested are different than current active one (requested -> active):
  custom:video-decoder-ogg-theora: a1e56fd34408186e4bbccfd4996cb3dc -> 
  custom:container-muxer-webm: aa71ff27fc2769a1b78a27578f13a17b -> 
  custom:container-demuxer-webm: 4f35f7cbe854078d1ac9338744f61a02 -> 
  custom:video-encoder-webm-vp8: eb34c28f22e8b96e1ab97ce403110664 -> 
  custom:video-codec-MediaFoundation-h265: 746d11721c4dcdbdad8f713fa42b33f4 -> 
  custom:CustomObjectIndexerAttribute: bc11b3a6c3213fcdd17b65e7da85e133 -> 
  custom:audio-encoder-webm-vorbis: bf7c407c2cedff20999df2af8eb42d56 -> 
  custom:framework-win-MediaFoundation: 216162199b28c13a410421893ffa2e32 -> 
  custom:SearchIndexIgnoredProperties: e643bd26f0fe6173181afceb89e7c659 -> 
  custom:container-demuxer-ogg: 62fdf1f143b41e24485cea50d1cbac27 -> 
  custom:video-decoder-webm-vp8: 9c59270c3fd7afecdb556c50c9e8de78 -> 
  custom:audio-decoder-ogg-vorbis: bf7c407c2cedff20999df2af8eb42d56 -> 
========================================================================
Received Prepare
Registering precompiled user dll's ...
Registered in 0.047842 seconds.
Begin MonoManager ReloadAssembly
Native extension for WindowsStandalone target not found
Native extension for Android target not found
Refreshing native plugins compatible for Editor in 1.42 ms, found 14 plugins.
Preloading 3 native plugins for Editor in 1.10 ms.
PXRLog [Build Check]RegisterBuildPlayerHandler,Already Do not show: False
UnityEngine.StackTraceUtility:ExtractStackTrace ()
UnityEngine.DebugLogHandler:LogFormat (UnityEngine.LogType,UnityEngine.Object,string,object[])
UnityEngine.Logger:Log (UnityEngine.LogType,object)
UnityEngine.Debug:Log (object)
Unity.XR.PXR.Editor.PXR_SDKBuildCheck:.cctor () (at PICO Unity Integration SDK-3.4.0-20260226/Editor/PXR_SDKBuildCheck.cs:31)
System.Runtime.CompilerServices.RuntimeHelpers:RunClassConstructor (System.RuntimeTypeHandle)
UnityEditor.EditorAssemblies:ProcessInitializeOnLoadAttributes (System.Type[])

(Filename: PICO Unity Integration SDK-3.4.0-20260226/Editor/PXR_SDKBuildCheck.cs Line: 31)

[Package Manager] Server::EnsureServerProcessIsRunning -- launch failed, reason: Unity was launched with the -noUpm command-line argument
[Package Manager] Cannot connect to Unity Package Manager local server
[Package Manager] Server::EnsureServerProcessIsRunning -- launch failed, reason: Unity was launched with the -noUpm command-line argument
[Package Manager] Cannot connect to Unity Package Manager local server
[Package Manager] Server::EnsureServerProcessIsRunning -- launch failed, reason: Unity was launched with the -noUpm command-line argument
[Package Manager] Cannot connect to Unity Package Manager local server
进程外导入时不支持 CreateSerializedAsset
UnityEngine.StackTraceUtility:ExtractStackTrace ()
Unity.XR.PXR.PXR_ProjectSetting:GetProjectConfig () (at PICO Unity Integration SDK-3.4.0-20260226/Runtime/Scripts/PXR_ProjectSetting.cs:125)
Unity.XR.PXR.Editor.PXR_SDKSettingEditor:InitializeOnLoad () (at PICO Unity Integration SDK-3.4.0-20260226/Editor/PXR_SDKSettingEditor.cs:146)
System.Reflection.RuntimeMethodInfo:Invoke (object,System.Reflection.BindingFlags,System.Reflection.Binder,object[],System.Globalization.CultureInfo)
System.Reflection.MethodBase:Invoke (object,object[])
UnityEditor.EditorAssemblies:ProcessInitializeOnLoadMethodAttributes ()

[PICO Unity Integration SDK-3.4.0-20260226/Runtime/Scripts/PXR_ProjectSetting.cs line 125]

System.Reflection.TargetInvocationException: Exception has been thrown by the target of an invocation. ---> UnityEngine.UnityException: Creating asset at path Assets/Resources/PXR_ProjectSetting.asset failed.
  at (wrapper managed-to-native) UnityEditor.AssetDatabase.CreateAsset(UnityEngine.Object,string)
  at Unity.XR.PXR.PXR_ProjectSetting.GetProjectConfig () [0x0016f] in E:\SixBox\RunnerGame\PICO Unity Integration SDK-3.4.0-20260226\Runtime\Scripts\PXR_ProjectSetting.cs:125 
  at Unity.XR.PXR.Editor.PXR_SDKSettingEditor.InitializeOnLoad () [0x00000] in E:\SixBox\RunnerGame\PICO Unity Integration SDK-3.4.0-20260226\Editor\PXR_SDKSettingEditor.cs:146 
  at (wrapper managed-to-native) System.Reflection.RuntimeMethodInfo.InternalInvoke(System.Reflection.RuntimeMethodInfo,object,object[],System.Exception&)
  at System.Reflection.RuntimeMethodInfo.Invoke (System.Object obj, System.Reflection.BindingFlags invokeAttr, System.Reflection.Binder binder, System.Object[] parameters, System.Globalization.CultureInfo culture) [0x0006a] in <688f272cc27c4df98c503f9d1f1267d0>:0 
   --- End of inner exception stack trace ---
  at System.Reflection.RuntimeMethodInfo.Invoke (System.Object obj, System.Reflection.BindingFlags invokeAttr, System.Reflection.Binder binder, System.Object[] parameters, System.Globalization.CultureInfo culture) [0x00083] in <688f272cc27c4df98c503f9d1f1267d0>:0 
  at System.Reflection.MethodBase.Invoke (System.Object obj, System.Object[] parameters) [0x00000] in <688f272cc27c4df98c503f9d1f1267d0>:0 
  at UnityEditor.EditorAssemblies.ProcessInitializeOnLoadMethodAttributes () [0x000a5] in <1518627dacca44efa32edd45bc720c48>:0 
UnityEngine.StackTraceUtility:ExtractStackTrace ()
UnityEngine.DebugLogHandler:LogFormat (UnityEngine.LogType,UnityEngine.Object,string,object[])
UnityEngine.Logger:Log (UnityEngine.LogType,object)
UnityEngine.Debug:LogError (object)
UnityEditor.EditorAssemblies:ProcessInitializeOnLoadMethodAttributes ()

Mono: successfully reloaded assembly
- Completed reload, in  3.143 seconds
Domain Reload Profiling:
	ReloadAssembly (3144ms)
		BeginReloadAssembly (366ms)
			ExecutionOrderSort (0ms)
			DisableScriptedObjects (8ms)
			BackupInstance (0ms)
			ReleaseScriptingObjects (0ms)
			CreateAndSetChildDomain (70ms)
		EndReloadAssembly (2530ms)
			LoadAssemblies (316ms)
			RebuildTransferFunctionScriptingTraits (0ms)
			SetupTypeCache (499ms)
			ReleaseScriptCaches (2ms)
			RebuildScriptCaches (70ms)
			SetupLoadedEditorAssemblies (1619ms)
				LogAssemblyErrors (0ms)
				InitializePlatformSupportModulesInManaged (29ms)
				SetLoadedEditorAssemblies (1ms)
				RefreshPlugins (3ms)
				BeforeProcessingInitializeOnLoad (125ms)
				ProcessInitializeOnLoadAttributes (1344ms)
				ProcessInitializeOnLoadMethodAttributes (68ms)
				AfterProcessingInitializeOnLoad (50ms)
				EditorAssembliesLoaded (0ms)
			ExecutionOrderSort2 (0ms)
			AwakeInstancesAfterBackupRestoration (13ms)
Platform modules already initialized, skipping
Refreshing native plugins compatible for Editor in 2.37 ms, found 14 plugins.
Preloading 3 native plugins for Editor in 1.48 ms.
Unloading 4609 Unused Serialized files (Serialized files now loaded: 0)
Unloading 52 unused Assets / (23.0 KB). Loaded Objects now: 5134.
Memory consumption went from 187.2 MB to 187.2 MB.
Total: 5.406200 ms (FindLiveObjects: 0.454600 ms CreateObjectMapping: 0.340400 ms MarkObjects: 4.565600 ms  DeleteObjects: 0.044300 ms)

AssetImportParameters requested are different than current active one (requested -> active):
  custom:video-decoder-ogg-theora: a1e56fd34408186e4bbccfd4996cb3dc -> 
  custom:container-muxer-webm: aa71ff27fc2769a1b78a27578f13a17b -> 
  custom:container-demuxer-webm: 4f35f7cbe854078d1ac9338744f61a02 -> 
  custom:video-encoder-webm-vp8: eb34c28f22e8b96e1ab97ce403110664 -> 
  custom:video-codec-MediaFoundation-h265: 746d11721c4dcdbdad8f713fa42b33f4 -> 
  custom:CustomObjectIndexerAttribute: bc11b3a6c3213fcdd17b65e7da85e133 -> 
  custom:audio-encoder-webm-vorbis: bf7c407c2cedff20999df2af8eb42d56 -> 
  custom:framework-win-MediaFoundation: 216162199b28c13a410421893ffa2e32 -> 
  custom:SearchIndexIgnoredProperties: e643bd26f0fe6173181afceb89e7c659 -> 
  custom:container-demuxer-ogg: 62fdf1f143b41e24485cea50d1cbac27 -> 
  custom:video-decoder-webm-vp8: 9c59270c3fd7afecdb556c50c9e8de78 -> 
  custom:audio-decoder-ogg-vorbis: bf7c407c2cedff20999df2af8eb42d56 -> 
========================================================================
Received Prepare
Registering precompiled user dll's ...
Registered in 0.038124 seconds.
Begin MonoManager ReloadAssembly
Native extension for WindowsStandalone target not found
Native extension for Android target not found
Refreshing native plugins compatible for Editor in 1.51 ms, found 14 plugins.
Preloading 3 native plugins for Editor in 1.02 ms.
PXRLog [Build Check]RegisterBuildPlayerHandler,Already Do not show: False
UnityEngine.StackTraceUtility:ExtractStackTrace ()
UnityEngine.DebugLogHandler:LogFormat (UnityEngine.LogType,UnityEngine.Object,string,object[])
UnityEngine.Logger:Log (UnityEngine.LogType,object)
UnityEngine.Debug:Log (object)
Unity.XR.PXR.Editor.PXR_SDKBuildCheck:.cctor () (at PICO Unity Integration SDK-3.4.0-20260226/Editor/PXR_SDKBuildCheck.cs:31)
System.Runtime.CompilerServices.RuntimeHelpers:RunClassConstructor (System.RuntimeTypeHandle)
UnityEditor.EditorAssemblies:ProcessInitializeOnLoadAttributes (System.Type[])

(Filename: PICO Unity Integration SDK-3.4.0-20260226/Editor/PXR_SDKBuildCheck.cs Line: 31)

[Package Manager] Server::EnsureServerProcessIsRunning -- launch failed, reason: Unity was launched with the -noUpm command-line argument
[Package Manager] Cannot connect to Unity Package Manager local server
[Package Manager] Server::EnsureServerProcessIsRunning -- launch failed, reason: Unity was launched with the -noUpm command-line argument
[Package Manager] Cannot connect to Unity Package Manager local server
[Package Manager] Server::EnsureServerProcessIsRunning -- launch failed, reason: Unity was launched with the -noUpm command-line argument
[Package Manager] Cannot connect to Unity Package Manager local server
进程外导入时不支持 CreateSerializedAsset
UnityEngine.StackTraceUtility:ExtractStackTrace ()
Unity.XR.PXR.PXR_ProjectSetting:GetProjectConfig () (at PICO Unity Integration SDK-3.4.0-20260226/Runtime/Scripts/PXR_ProjectSetting.cs:125)
Unity.XR.PXR.Editor.PXR_SDKSettingEditor:InitializeOnLoad () (at PICO Unity Integration SDK-3.4.0-20260226/Editor/PXR_SDKSettingEditor.cs:146)
System.Reflection.RuntimeMethodInfo:Invoke (object,System.Reflection.BindingFlags,System.Reflection.Binder,object[],System.Globalization.CultureInfo)
System.Reflection.MethodBase:Invoke (object,object[])
UnityEditor.EditorAssemblies:ProcessInitializeOnLoadMethodAttributes ()

[PICO Unity Integration SDK-3.4.0-20260226/Runtime/Scripts/PXR_ProjectSetting.cs line 125]

System.Reflection.TargetInvocationException: Exception has been thrown by the target of an invocation. ---> UnityEngine.UnityException: Creating asset at path Assets/Resources/PXR_ProjectSetting.asset failed.
  at (wrapper managed-to-native) UnityEditor.AssetDatabase.CreateAsset(UnityEngine.Object,string)
  at Unity.XR.PXR.PXR_ProjectSetting.GetProjectConfig () [0x0016f] in E:\SixBox\RunnerGame\PICO Unity Integration SDK-3.4.0-20260226\Runtime\Scripts\PXR_ProjectSetting.cs:125 
  at Unity.XR.PXR.Editor.PXR_SDKSettingEditor.InitializeOnLoad () [0x00000] in E:\SixBox\RunnerGame\PICO Unity Integration SDK-3.4.0-20260226\Editor\PXR_SDKSettingEditor.cs:146 
  at (wrapper managed-to-native) System.Reflection.RuntimeMethodInfo.InternalInvoke(System.Reflection.RuntimeMethodInfo,object,object[],System.Exception&)
  at System.Reflection.RuntimeMethodInfo.Invoke (System.Object obj, System.Reflection.BindingFlags invokeAttr, System.Reflection.Binder binder, System.Object[] parameters, System.Globalization.CultureInfo culture) [0x0006a] in <688f272cc27c4df98c503f9d1f1267d0>:0 
   --- End of inner exception stack trace ---
  at System.Reflection.RuntimeMethodInfo.Invoke (System.Object obj, System.Reflection.BindingFlags invokeAttr, System.Reflection.Binder binder, System.Object[] parameters, System.Globalization.CultureInfo culture) [0x00083] in <688f272cc27c4df98c503f9d1f1267d0>:0 
  at System.Reflection.MethodBase.Invoke (System.Object obj, System.Object[] parameters) [0x00000] in <688f272cc27c4df98c503f9d1f1267d0>:0 
  at UnityEditor.EditorAssemblies.ProcessInitializeOnLoadMethodAttributes () [0x000a5] in <1518627dacca44efa32edd45bc720c48>:0 
UnityEngine.StackTraceUtility:ExtractStackTrace ()
UnityEngine.DebugLogHandler:LogFormat (UnityEngine.LogType,UnityEngine.Object,string,object[])
UnityEngine.Logger:Log (UnityEngine.LogType,object)
UnityEngine.Debug:LogError (object)
UnityEditor.EditorAssemblies:ProcessInitializeOnLoadMethodAttributes ()

Mono: successfully reloaded assembly
- Completed reload, in  3.289 seconds
Domain Reload Profiling:
	ReloadAssembly (3290ms)
		BeginReloadAssembly (380ms)
			ExecutionOrderSort (0ms)
			DisableScriptedObjects (6ms)
			BackupInstance (0ms)
			ReleaseScriptingObjects (0ms)
			CreateAndSetChildDomain (60ms)
		EndReloadAssembly (2662ms)
			LoadAssemblies (333ms)
			RebuildTransferFunctionScriptingTraits (0ms)
			SetupTypeCache (532ms)
			ReleaseScriptCaches (2ms)
			RebuildScriptCaches (72ms)
			SetupLoadedEditorAssemblies (1710ms)
				LogAssemblyErrors (0ms)
				InitializePlatformSupportModulesInManaged (26ms)
				SetLoadedEditorAssemblies (1ms)
				RefreshPlugins (3ms)
				BeforeProcessingInitializeOnLoad (134ms)
				ProcessInitializeOnLoadAttributes (1427ms)
				ProcessInitializeOnLoadMethodAttributes (70ms)
				AfterProcessingInitializeOnLoad (49ms)
				EditorAssembliesLoaded (0ms)
			ExecutionOrderSort2 (0ms)
			AwakeInstancesAfterBackupRestoration (13ms)
Platform modules already initialized, skipping
Refreshing native plugins compatible for Editor in 3.42 ms, found 14 plugins.
Preloading 3 native plugins for Editor in 1.56 ms.
Unloading 4609 Unused Serialized files (Serialized files now loaded: 0)
Unloading 52 unused Assets / (23.0 KB). Loaded Objects now: 5139.
Memory consumption went from 187.2 MB to 187.2 MB.
Total: 6.295600 ms (FindLiveObjects: 0.483200 ms CreateObjectMapping: 0.444400 ms MarkObjects: 5.308900 ms  DeleteObjects: 0.057400 ms)

AssetImportParameters requested are different than current active one (requested -> active):
  custom:video-decoder-ogg-theora: a1e56fd34408186e4bbccfd4996cb3dc -> 
  custom:container-muxer-webm: aa71ff27fc2769a1b78a27578f13a17b -> 
  custom:container-demuxer-webm: 4f35f7cbe854078d1ac9338744f61a02 -> 
  custom:video-encoder-webm-vp8: eb34c28f22e8b96e1ab97ce403110664 -> 
  custom:video-codec-MediaFoundation-h265: 746d11721c4dcdbdad8f713fa42b33f4 -> 
  custom:CustomObjectIndexerAttribute: bc11b3a6c3213fcdd17b65e7da85e133 -> 
  custom:audio-encoder-webm-vorbis: bf7c407c2cedff20999df2af8eb42d56 -> 
  custom:framework-win-MediaFoundation: 216162199b28c13a410421893ffa2e32 -> 
  custom:SearchIndexIgnoredProperties: e643bd26f0fe6173181afceb89e7c659 -> 
  custom:container-demuxer-ogg: 62fdf1f143b41e24485cea50d1cbac27 -> 
  custom:video-decoder-webm-vp8: 9c59270c3fd7afecdb556c50c9e8de78 -> 
  custom:audio-decoder-ogg-vorbis: bf7c407c2cedff20999df2af8eb42d56 -> 
========================================================================
Received Prepare
Registering precompiled user dll's ...
Registered in 0.037294 seconds.
Begin MonoManager ReloadAssembly
Native extension for WindowsStandalone target not found
Native extension for Android target not found
Refreshing native plugins compatible for Editor in 1.52 ms, found 14 plugins.
Preloading 3 native plugins for Editor in 0.89 ms.
PXRLog [Build Check]RegisterBuildPlayerHandler,Already Do not show: False
UnityEngine.StackTraceUtility:ExtractStackTrace ()
UnityEngine.DebugLogHandler:LogFormat (UnityEngine.LogType,UnityEngine.Object,string,object[])
UnityEngine.Logger:Log (UnityEngine.LogType,object)
UnityEngine.Debug:Log (object)
Unity.XR.PXR.Editor.PXR_SDKBuildCheck:.cctor () (at PICO Unity Integration SDK-3.4.0-20260226/Editor/PXR_SDKBuildCheck.cs:31)
System.Runtime.CompilerServices.RuntimeHelpers:RunClassConstructor (System.RuntimeTypeHandle)
UnityEditor.EditorAssemblies:ProcessInitializeOnLoadAttributes (System.Type[])

(Filename: PICO Unity Integration SDK-3.4.0-20260226/Editor/PXR_SDKBuildCheck.cs Line: 31)

[Package Manager] Server::EnsureServerProcessIsRunning -- launch failed, reason: Unity was launched with the -noUpm command-line argument
[Package Manager] Cannot connect to Unity Package Manager local server
[Package Manager] Server::EnsureServerProcessIsRunning -- launch failed, reason: Unity was launched with the -noUpm command-line argument
[Package Manager] Cannot connect to Unity Package Manager local server
[Package Manager] Server::EnsureServerProcessIsRunning -- launch failed, reason: Unity was launched with the -noUpm command-line argument
[Package Manager] Cannot connect to Unity Package Manager local server
进程外导入时不支持 CreateSerializedAsset
UnityEngine.StackTraceUtility:ExtractStackTrace ()
Unity.XR.PXR.PXR_ProjectSetting:GetProjectConfig () (at PICO Unity Integration SDK-3.4.0-20260226/Runtime/Scripts/PXR_ProjectSetting.cs:125)
Unity.XR.PXR.Editor.PXR_SDKSettingEditor:InitializeOnLoad () (at PICO Unity Integration SDK-3.4.0-20260226/Editor/PXR_SDKSettingEditor.cs:146)
System.Reflection.RuntimeMethodInfo:Invoke (object,System.Reflection.BindingFlags,System.Reflection.Binder,object[],System.Globalization.CultureInfo)
System.Reflection.MethodBase:Invoke (object,object[])
UnityEditor.EditorAssemblies:ProcessInitializeOnLoadMethodAttributes ()

[PICO Unity Integration SDK-3.4.0-20260226/Runtime/Scripts/PXR_ProjectSetting.cs line 125]

System.Reflection.TargetInvocationException: Exception has been thrown by the target of an invocation. ---> UnityEngine.UnityException: Creating asset at path Assets/Resources/PXR_ProjectSetting.asset failed.
  at (wrapper managed-to-native) UnityEditor.AssetDatabase.CreateAsset(UnityEngine.Object,string)
  at Unity.XR.PXR.PXR_ProjectSetting.GetProjectConfig () [0x0016f] in E:\SixBox\RunnerGame\PICO Unity Integration SDK-3.4.0-20260226\Runtime\Scripts\PXR_ProjectSetting.cs:125 
  at Unity.XR.PXR.Editor.PXR_SDKSettingEditor.InitializeOnLoad () [0x00000] in E:\SixBox\RunnerGame\PICO Unity Integration SDK-3.4.0-20260226\Editor\PXR_SDKSettingEditor.cs:146 
  at (wrapper managed-to-native) System.Reflection.RuntimeMethodInfo.InternalInvoke(System.Reflection.RuntimeMethodInfo,object,object[],System.Exception&)
  at System.Reflection.RuntimeMethodInfo.Invoke (System.Object obj, System.Reflection.BindingFlags invokeAttr, System.Reflection.Binder binder, System.Object[] parameters, System.Globalization.CultureInfo culture) [0x0006a] in <688f272cc27c4df98c503f9d1f1267d0>:0 
   --- End of inner exception stack trace ---
  at System.Reflection.RuntimeMethodInfo.Invoke (System.Object obj, System.Reflection.BindingFlags invokeAttr, System.Reflection.Binder binder, System.Object[] parameters, System.Globalization.CultureInfo culture) [0x00083] in <688f272cc27c4df98c503f9d1f1267d0>:0 
  at System.Reflection.MethodBase.Invoke (System.Object obj, System.Object[] parameters) [0x00000] in <688f272cc27c4df98c503f9d1f1267d0>:0 
  at UnityEditor.EditorAssemblies.ProcessInitializeOnLoadMethodAttributes () [0x000a5] in <1518627dacca44efa32edd45bc720c48>:0 
UnityEngine.StackTraceUtility:ExtractStackTrace ()
UnityEngine.DebugLogHandler:LogFormat (UnityEngine.LogType,UnityEngine.Object,string,object[])
UnityEngine.Logger:Log (UnityEngine.LogType,object)
UnityEngine.Debug:LogError (object)
UnityEditor.EditorAssemblies:ProcessInitializeOnLoadMethodAttributes ()

Mono: successfully reloaded assembly
- Completed reload, in  3.307 seconds
Domain Reload Profiling:
	ReloadAssembly (3308ms)
		BeginReloadAssembly (385ms)
			ExecutionOrderSort (0ms)
			DisableScriptedObjects (7ms)
			BackupInstance (0ms)
			ReleaseScriptingObjects (0ms)
			CreateAndSetChildDomain (63ms)
		EndReloadAssembly (2662ms)
			LoadAssemblies (354ms)
			RebuildTransferFunctionScriptingTraits (0ms)
			SetupTypeCache (542ms)
			ReleaseScriptCaches (2ms)
			RebuildScriptCaches (78ms)
			SetupLoadedEditorAssemblies (1701ms)
				LogAssemblyErrors (0ms)
				InitializePlatformSupportModulesInManaged (28ms)
				SetLoadedEditorAssemblies (1ms)
				RefreshPlugins (3ms)
				BeforeProcessingInitializeOnLoad (125ms)
				ProcessInitializeOnLoadAttributes (1427ms)
				ProcessInitializeOnLoadMethodAttributes (68ms)
				AfterProcessingInitializeOnLoad (50ms)
				EditorAssembliesLoaded (0ms)
			ExecutionOrderSort2 (0ms)
			AwakeInstancesAfterBackupRestoration (11ms)
Platform modules already initialized, skipping
Refreshing native plugins compatible for Editor in 3.21 ms, found 14 plugins.
Preloading 3 native plugins for Editor in 1.34 ms.
Unloading 4609 Unused Serialized files (Serialized files now loaded: 0)
Unloading 52 unused Assets / (23.0 KB). Loaded Objects now: 5144.
Memory consumption went from 187.3 MB to 187.2 MB.
Total: 6.447400 ms (FindLiveObjects: 0.513100 ms CreateObjectMapping: 0.534100 ms MarkObjects: 5.335700 ms  DeleteObjects: 0.062400 ms)

AssetImportParameters requested are different than current active one (requested -> active):
  custom:video-decoder-ogg-theora: a1e56fd34408186e4bbccfd4996cb3dc -> 
  custom:container-muxer-webm: aa71ff27fc2769a1b78a27578f13a17b -> 
  custom:container-demuxer-webm: 4f35f7cbe854078d1ac9338744f61a02 -> 
  custom:video-encoder-webm-vp8: eb34c28f22e8b96e1ab97ce403110664 -> 
  custom:video-codec-MediaFoundation-h265: 746d11721c4dcdbdad8f713fa42b33f4 -> 
  custom:CustomObjectIndexerAttribute: bc11b3a6c3213fcdd17b65e7da85e133 -> 
  custom:audio-encoder-webm-vorbis: bf7c407c2cedff20999df2af8eb42d56 -> 
  custom:framework-win-MediaFoundation: 216162199b28c13a410421893ffa2e32 -> 
  custom:SearchIndexIgnoredProperties: e643bd26f0fe6173181afceb89e7c659 -> 
  custom:container-demuxer-ogg: 62fdf1f143b41e24485cea50d1cbac27 -> 
  custom:video-decoder-webm-vp8: 9c59270c3fd7afecdb556c50c9e8de78 -> 
  custom:audio-decoder-ogg-vorbis: bf7c407c2cedff20999df2af8eb42d56 -> 
========================================================================
Received Prepare
Registering precompiled user dll's ...
Registered in 0.037043 seconds.
Begin MonoManager ReloadAssembly
Native extension for WindowsStandalone target not found
Native extension for Android target not found
Refreshing native plugins compatible for Editor in 1.55 ms, found 14 plugins.
Preloading 3 native plugins for Editor in 0.88 ms.
PXRLog [Build Check]RegisterBuildPlayerHandler,Already Do not show: False
UnityEngine.StackTraceUtility:ExtractStackTrace ()
UnityEngine.DebugLogHandler:LogFormat (UnityEngine.LogType,UnityEngine.Object,string,object[])
UnityEngine.Logger:Log (UnityEngine.LogType,object)
UnityEngine.Debug:Log (object)
Unity.XR.PXR.Editor.PXR_SDKBuildCheck:.cctor () (at PICO Unity Integration SDK-3.4.0-20260226/Editor/PXR_SDKBuildCheck.cs:31)
System.Runtime.CompilerServices.RuntimeHelpers:RunClassConstructor (System.RuntimeTypeHandle)
UnityEditor.EditorAssemblies:ProcessInitializeOnLoadAttributes (System.Type[])

(Filename: PICO Unity Integration SDK-3.4.0-20260226/Editor/PXR_SDKBuildCheck.cs Line: 31)

[Package Manager] Server::EnsureServerProcessIsRunning -- launch failed, reason: Unity was launched with the -noUpm command-line argument
[Package Manager] Cannot connect to Unity Package Manager local server
[Package Manager] Server::EnsureServerProcessIsRunning -- launch failed, reason: Unity was launched with the -noUpm command-line argument
[Package Manager] Cannot connect to Unity Package Manager local server
[Package Manager] Server::EnsureServerProcessIsRunning -- launch failed, reason: Unity was launched with the -noUpm command-line argument
[Package Manager] Cannot connect to Unity Package Manager local server
进程外导入时不支持 CreateSerializedAsset
UnityEngine.StackTraceUtility:ExtractStackTrace ()
Unity.XR.PXR.PXR_ProjectSetting:GetProjectConfig () (at PICO Unity Integration SDK-3.4.0-20260226/Runtime/Scripts/PXR_ProjectSetting.cs:125)
Unity.XR.PXR.Editor.PXR_SDKSettingEditor:InitializeOnLoad () (at PICO Unity Integration SDK-3.4.0-20260226/Editor/PXR_SDKSettingEditor.cs:146)
System.Reflection.RuntimeMethodInfo:Invoke (object,System.Reflection.BindingFlags,System.Reflection.Binder,object[],System.Globalization.CultureInfo)
System.Reflection.MethodBase:Invoke (object,object[])
UnityEditor.EditorAssemblies:ProcessInitializeOnLoadMethodAttributes ()

[PICO Unity Integration SDK-3.4.0-20260226/Runtime/Scripts/PXR_ProjectSetting.cs line 125]

System.Reflection.TargetInvocationException: Exception has been thrown by the target of an invocation. ---> UnityEngine.UnityException: Creating asset at path Assets/Resources/PXR_ProjectSetting.asset failed.
  at (wrapper managed-to-native) UnityEditor.AssetDatabase.CreateAsset(UnityEngine.Object,string)
  at Unity.XR.PXR.PXR_ProjectSetting.GetProjectConfig () [0x0016f] in E:\SixBox\RunnerGame\PICO Unity Integration SDK-3.4.0-20260226\Runtime\Scripts\PXR_ProjectSetting.cs:125 
  at Unity.XR.PXR.Editor.PXR_SDKSettingEditor.InitializeOnLoad () [0x00000] in E:\SixBox\RunnerGame\PICO Unity Integration SDK-3.4.0-20260226\Editor\PXR_SDKSettingEditor.cs:146 
  at (wrapper managed-to-native) System.Reflection.RuntimeMethodInfo.InternalInvoke(System.Reflection.RuntimeMethodInfo,object,object[],System.Exception&)
  at System.Reflection.RuntimeMethodInfo.Invoke (System.Object obj, System.Reflection.BindingFlags invokeAttr, System.Reflection.Binder binder, System.Object[] parameters, System.Globalization.CultureInfo culture) [0x0006a] in <688f272cc27c4df98c503f9d1f1267d0>:0 
   --- End of inner exception stack trace ---
  at System.Reflection.RuntimeMethodInfo.Invoke (System.Object obj, System.Reflection.BindingFlags invokeAttr, System.Reflection.Binder binder, System.Object[] parameters, System.Globalization.CultureInfo culture) [0x00083] in <688f272cc27c4df98c503f9d1f1267d0>:0 
  at System.Reflection.MethodBase.Invoke (System.Object obj, System.Object[] parameters) [0x00000] in <688f272cc27c4df98c503f9d1f1267d0>:0 
  at UnityEditor.EditorAssemblies.ProcessInitializeOnLoadMethodAttributes () [0x000a5] in <1518627dacca44efa32edd45bc720c48>:0 
UnityEngine.StackTraceUtility:ExtractStackTrace ()
UnityEngine.DebugLogHandler:LogFormat (UnityEngine.LogType,UnityEngine.Object,string,object[])
UnityEngine.Logger:Log (UnityEngine.LogType,object)
UnityEngine.Debug:LogError (object)
UnityEditor.EditorAssemblies:ProcessInitializeOnLoadMethodAttributes ()

Mono: successfully reloaded assembly
- Completed reload, in  3.319 seconds
Domain Reload Profiling:
	ReloadAssembly (3321ms)
		BeginReloadAssembly (395ms)
			ExecutionOrderSort (0ms)
			DisableScriptedObjects (7ms)
			BackupInstance (0ms)
			ReleaseScriptingObjects (0ms)
			CreateAndSetChildDomain (59ms)
		EndReloadAssembly (2665ms)
			LoadAssemblies (357ms)
			RebuildTransferFunctionScriptingTraits (0ms)
			SetupTypeCache (510ms)
			ReleaseScriptCaches (2ms)
			RebuildScriptCaches (68ms)
			SetupLoadedEditorAssemblies (1714ms)
				LogAssemblyErrors (0ms)
				InitializePlatformSupportModulesInManaged (27ms)
				SetLoadedEditorAssemblies (1ms)
				RefreshPlugins (3ms)
				BeforeProcessingInitializeOnLoad (130ms)
				ProcessInitializeOnLoadAttributes (1439ms)
				ProcessInitializeOnLoadMethodAttributes (70ms)
				AfterProcessingInitializeOnLoad (46ms)
				EditorAssembliesLoaded (1ms)
			ExecutionOrderSort2 (0ms)
			AwakeInstancesAfterBackupRestoration (10ms)
Platform modules already initialized, skipping
Refreshing native plugins compatible for Editor in 2.64 ms, found 14 plugins.
Preloading 3 native plugins for Editor in 1.56 ms.
Unloading 4609 Unused Serialized files (Serialized files now loaded: 0)
Unloading 52 unused Assets / (23.0 KB). Loaded Objects now: 5149.
Memory consumption went from 187.3 MB to 187.2 MB.
Total: 5.739600 ms (FindLiveObjects: 0.480200 ms CreateObjectMapping: 0.359600 ms MarkObjects: 4.835200 ms  DeleteObjects: 0.062900 ms)

AssetImportParameters requested are different than current active one (requested -> active):
  custom:video-decoder-ogg-theora: a1e56fd34408186e4bbccfd4996cb3dc -> 
  custom:container-muxer-webm: aa71ff27fc2769a1b78a27578f13a17b -> 
  custom:container-demuxer-webm: 4f35f7cbe854078d1ac9338744f61a02 -> 
  custom:video-encoder-webm-vp8: eb34c28f22e8b96e1ab97ce403110664 -> 
  custom:video-codec-MediaFoundation-h265: 746d11721c4dcdbdad8f713fa42b33f4 -> 
  custom:CustomObjectIndexerAttribute: bc11b3a6c3213fcdd17b65e7da85e133 -> 
  custom:audio-encoder-webm-vorbis: bf7c407c2cedff20999df2af8eb42d56 -> 
  custom:framework-win-MediaFoundation: 216162199b28c13a410421893ffa2e32 -> 
  custom:SearchIndexIgnoredProperties: e643bd26f0fe6173181afceb89e7c659 -> 
  custom:container-demuxer-ogg: 62fdf1f143b41e24485cea50d1cbac27 -> 
  custom:video-decoder-webm-vp8: 9c59270c3fd7afecdb556c50c9e8de78 -> 
  custom:audio-decoder-ogg-vorbis: bf7c407c2cedff20999df2af8eb42d56 -> 
========================================================================
Received Prepare
Registering precompiled user dll's ...
Registered in 0.038771 seconds.
Begin MonoManager ReloadAssembly
Native extension for WindowsStandalone target not found
Native extension for Android target not found
Refreshing native plugins compatible for Editor in 2.27 ms, found 14 plugins.
Preloading 3 native plugins for Editor in 1.35 ms.
PXRLog [Build Check]RegisterBuildPlayerHandler,Already Do not show: False
UnityEngine.StackTraceUtility:ExtractStackTrace ()
UnityEngine.DebugLogHandler:LogFormat (UnityEngine.LogType,UnityEngine.Object,string,object[])
UnityEngine.Logger:Log (UnityEngine.LogType,object)
UnityEngine.Debug:Log (object)
Unity.XR.PXR.Editor.PXR_SDKBuildCheck:.cctor () (at PICO Unity Integration SDK-3.4.0-20260226/Editor/PXR_SDKBuildCheck.cs:31)
System.Runtime.CompilerServices.RuntimeHelpers:RunClassConstructor (System.RuntimeTypeHandle)
UnityEditor.EditorAssemblies:ProcessInitializeOnLoadAttributes (System.Type[])

(Filename: PICO Unity Integration SDK-3.4.0-20260226/Editor/PXR_SDKBuildCheck.cs Line: 31)

[Package Manager] Server::EnsureServerProcessIsRunning -- launch failed, reason: Unity was launched with the -noUpm command-line argument
[Package Manager] Cannot connect to Unity Package Manager local server
[Package Manager] Server::EnsureServerProcessIsRunning -- launch failed, reason: Unity was launched with the -noUpm command-line argument
[Package Manager] Cannot connect to Unity Package Manager local server
[Package Manager] Server::EnsureServerProcessIsRunning -- launch failed, reason: Unity was launched with the -noUpm command-line argument
[Package Manager] Cannot connect to Unity Package Manager local server
进程外导入时不支持 CreateSerializedAsset
UnityEngine.StackTraceUtility:ExtractStackTrace ()
Unity.XR.PXR.PXR_ProjectSetting:GetProjectConfig () (at PICO Unity Integration SDK-3.4.0-20260226/Runtime/Scripts/PXR_ProjectSetting.cs:125)
Unity.XR.PXR.Editor.PXR_SDKSettingEditor:InitializeOnLoad () (at PICO Unity Integration SDK-3.4.0-20260226/Editor/PXR_SDKSettingEditor.cs:146)
System.Reflection.RuntimeMethodInfo:Invoke (object,System.Reflection.BindingFlags,System.Reflection.Binder,object[],System.Globalization.CultureInfo)
System.Reflection.MethodBase:Invoke (object,object[])
UnityEditor.EditorAssemblies:ProcessInitializeOnLoadMethodAttributes ()

[PICO Unity Integration SDK-3.4.0-20260226/Runtime/Scripts/PXR_ProjectSetting.cs line 125]

System.Reflection.TargetInvocationException: Exception has been thrown by the target of an invocation. ---> UnityEngine.UnityException: Creating asset at path Assets/Resources/PXR_ProjectSetting.asset failed.
  at (wrapper managed-to-native) UnityEditor.AssetDatabase.CreateAsset(UnityEngine.Object,string)
  at Unity.XR.PXR.PXR_ProjectSetting.GetProjectConfig () [0x0016f] in E:\SixBox\RunnerGame\PICO Unity Integration SDK-3.4.0-20260226\Runtime\Scripts\PXR_ProjectSetting.cs:125 
  at Unity.XR.PXR.Editor.PXR_SDKSettingEditor.InitializeOnLoad () [0x00000] in E:\SixBox\RunnerGame\PICO Unity Integration SDK-3.4.0-20260226\Editor\PXR_SDKSettingEditor.cs:146 
  at (wrapper managed-to-native) System.Reflection.RuntimeMethodInfo.InternalInvoke(System.Reflection.RuntimeMethodInfo,object,object[],System.Exception&)
  at System.Reflection.RuntimeMethodInfo.Invoke (System.Object obj, System.Reflection.BindingFlags invokeAttr, System.Reflection.Binder binder, System.Object[] parameters, System.Globalization.CultureInfo culture) [0x0006a] in <688f272cc27c4df98c503f9d1f1267d0>:0 
   --- End of inner exception stack trace ---
  at System.Reflection.RuntimeMethodInfo.Invoke (System.Object obj, System.Reflection.BindingFlags invokeAttr, System.Reflection.Binder binder, System.Object[] parameters, System.Globalization.CultureInfo culture) [0x00083] in <688f272cc27c4df98c503f9d1f1267d0>:0 
  at System.Reflection.MethodBase.Invoke (System.Object obj, System.Object[] parameters) [0x00000] in <688f272cc27c4df98c503f9d1f1267d0>:0 
  at UnityEditor.EditorAssemblies.ProcessInitializeOnLoadMethodAttributes () [0x000a5] in <1518627dacca44efa32edd45bc720c48>:0 
UnityEngine.StackTraceUtility:ExtractStackTrace ()
UnityEngine.DebugLogHandler:LogFormat (UnityEngine.LogType,UnityEngine.Object,string,object[])
UnityEngine.Logger:Log (UnityEngine.LogType,object)
UnityEngine.Debug:LogError (object)
UnityEditor.EditorAssemblies:ProcessInitializeOnLoadMethodAttributes ()

Mono: successfully reloaded assembly
- Completed reload, in  3.250 seconds
Domain Reload Profiling:
	ReloadAssembly (3251ms)
		BeginReloadAssembly (354ms)
			ExecutionOrderSort (0ms)
			DisableScriptedObjects (8ms)
			BackupInstance (0ms)
			ReleaseScriptingObjects (0ms)
			CreateAndSetChildDomain (59ms)
		EndReloadAssembly (2661ms)
			LoadAssemblies (311ms)
			RebuildTransferFunctionScriptingTraits (0ms)
			SetupTypeCache (560ms)
			ReleaseScriptCaches (2ms)
			RebuildScriptCaches (73ms)
			SetupLoadedEditorAssemblies (1688ms)
				LogAssemblyErrors (0ms)
				InitializePlatformSupportModulesInManaged (31ms)
				SetLoadedEditorAssemblies (1ms)
				RefreshPlugins (4ms)
				BeforeProcessingInitializeOnLoad (140ms)
				ProcessInitializeOnLoadAttributes (1400ms)
				ProcessInitializeOnLoadMethodAttributes (60ms)
				AfterProcessingInitializeOnLoad (51ms)
				EditorAssembliesLoaded (0ms)
			ExecutionOrderSort2 (0ms)
			AwakeInstancesAfterBackupRestoration (11ms)
Platform modules already initialized, skipping
Refreshing native plugins compatible for Editor in 2.64 ms, found 14 plugins.
Preloading 3 native plugins for Editor in 1.36 ms.
Unloading 4609 Unused Serialized files (Serialized files now loaded: 0)
Unloading 52 unused Assets / (23.0 KB). Loaded Objects now: 5154.
Memory consumption went from 187.3 MB to 187.3 MB.
Total: 5.100100 ms (FindLiveObjects: 0.427000 ms CreateObjectMapping: 0.179300 ms MarkObjects: 4.433200 ms  DeleteObjects: 0.059100 ms)

AssetImportParameters requested are different than current active one (requested -> active):
  custom:video-decoder-ogg-theora: a1e56fd34408186e4bbccfd4996cb3dc -> 
  custom:container-muxer-webm: aa71ff27fc2769a1b78a27578f13a17b -> 
  custom:container-demuxer-webm: 4f35f7cbe854078d1ac9338744f61a02 -> 
  custom:video-encoder-webm-vp8: eb34c28f22e8b96e1ab97ce403110664 -> 
  custom:video-codec-MediaFoundation-h265: 746d11721c4dcdbdad8f713fa42b33f4 -> 
  custom:CustomObjectIndexerAttribute: bc11b3a6c3213fcdd17b65e7da85e133 -> 
  custom:audio-encoder-webm-vorbis: bf7c407c2cedff20999df2af8eb42d56 -> 
  custom:framework-win-MediaFoundation: 216162199b28c13a410421893ffa2e32 -> 
  custom:SearchIndexIgnoredProperties: e643bd26f0fe6173181afceb89e7c659 -> 
  custom:container-demuxer-ogg: 62fdf1f143b41e24485cea50d1cbac27 -> 
  custom:video-decoder-webm-vp8: 9c59270c3fd7afecdb556c50c9e8de78 -> 
  custom:audio-decoder-ogg-vorbis: bf7c407c2cedff20999df2af8eb42d56 -> 
========================================================================
Received Import Request.
  Time since last request: 616.934204 seconds.
  path: Assets/Scenes/hand.unity
  artifactKey: Guid(42c6f05319be1154c8ea341333fa5683) Importer(815301076,1909f56bfc062723c751e8b465ee728b)
Number of updated assets reloaded before import = 0
Start importing Assets/Scenes/hand.unity using Guid(42c6f05319be1154c8ea341333fa5683) Importer(815301076,1909f56bfc062723c751e8b465ee728b)  -> (artifact id: '3d6b55a7f46e8f0817399c7c802c79f1') in 0.013651 seconds 
Number of asset objects unloaded after import = 0
========================================================================
Received Import Request.
  Time since last request: 21.599161 seconds.
  path: Assets/Scenes/level1.unity
  artifactKey: Guid(9fc0d4010bbf28b4594072e72b8655ab) Importer(815301076,1909f56bfc062723c751e8b465ee728b)
Number of updated assets reloaded before import = 0
Start importing Assets/Scenes/level1.unity using Guid(9fc0d4010bbf28b4594072e72b8655ab) Importer(815301076,1909f56bfc062723c751e8b465ee728b)  -> (artifact id: 'a0558a9062ea9b1b754a8f0533ea0a27') in 0.005179 seconds 
Number of asset objects unloaded after import = 0
========================================================================
Received Import Request.
  Time since last request: 36.863278 seconds.
  path: Assets/Scenes/level1.unity
  artifactKey: Guid(9fc0d4010bbf28b4594072e72b8655ab) Importer(815301076,1909f56bfc062723c751e8b465ee728b)
Number of updated assets reloaded before import = 0
Start importing Assets/Scenes/level1.unity using Guid(9fc0d4010bbf28b4594072e72b8655ab) Importer(815301076,1909f56bfc062723c751e8b465ee728b)  -> (artifact id: 'd9011562c94f13fca12e65545e04ae9f') in 0.004896 seconds 
Number of asset objects unloaded after import = 0
========================================================================
Received Prepare
Registering precompiled user dll's ...
Registered in 0.039383 seconds.
Begin MonoManager ReloadAssembly
Native extension for WindowsStandalone target not found
Native extension for Android target not found
Refreshing native plugins compatible for Editor in 1.41 ms, found 14 plugins.
Preloading 3 native plugins for Editor in 0.89 ms.
PXRLog [Build Check]RegisterBuildPlayerHandler,Already Do not show: False
UnityEngine.StackTraceUtility:ExtractStackTrace ()
UnityEngine.DebugLogHandler:LogFormat (UnityEngine.LogType,UnityEngine.Object,string,object[])
UnityEngine.Logger:Log (UnityEngine.LogType,object)
UnityEngine.Debug:Log (object)
Unity.XR.PXR.Editor.PXR_SDKBuildCheck:.cctor () (at PICO Unity Integration SDK-3.4.0-20260226/Editor/PXR_SDKBuildCheck.cs:31)
System.Runtime.CompilerServices.RuntimeHelpers:RunClassConstructor (System.RuntimeTypeHandle)
UnityEditor.EditorAssemblies:ProcessInitializeOnLoadAttributes (System.Type[])

(Filename: PICO Unity Integration SDK-3.4.0-20260226/Editor/PXR_SDKBuildCheck.cs Line: 31)

[Package Manager] Server::EnsureServerProcessIsRunning -- launch failed, reason: Unity was launched with the -noUpm command-line argument
[Package Manager] Cannot connect to Unity Package Manager local server
[Package Manager] Server::EnsureServerProcessIsRunning -- launch failed, reason: Unity was launched with the -noUpm command-line argument
[Package Manager] Cannot connect to Unity Package Manager local server
[Package Manager] Server::EnsureServerProcessIsRunning -- launch failed, reason: Unity was launched with the -noUpm command-line argument
[Package Manager] Cannot connect to Unity Package Manager local server
进程外导入时不支持 CreateSerializedAsset
UnityEngine.StackTraceUtility:ExtractStackTrace ()
Unity.XR.PXR.PXR_ProjectSetting:GetProjectConfig () (at PICO Unity Integration SDK-3.4.0-20260226/Runtime/Scripts/PXR_ProjectSetting.cs:125)
Unity.XR.PXR.Editor.PXR_SDKSettingEditor:InitializeOnLoad () (at PICO Unity Integration SDK-3.4.0-20260226/Editor/PXR_SDKSettingEditor.cs:146)
System.Reflection.RuntimeMethodInfo:Invoke (object,System.Reflection.BindingFlags,System.Reflection.Binder,object[],System.Globalization.CultureInfo)
System.Reflection.MethodBase:Invoke (object,object[])
UnityEditor.EditorAssemblies:ProcessInitializeOnLoadMethodAttributes ()

[PICO Unity Integration SDK-3.4.0-20260226/Runtime/Scripts/PXR_ProjectSetting.cs line 125]

System.Reflection.TargetInvocationException: Exception has been thrown by the target of an invocation. ---> UnityEngine.UnityException: Creating asset at path Assets/Resources/PXR_ProjectSetting.asset failed.
  at (wrapper managed-to-native) UnityEditor.AssetDatabase.CreateAsset(UnityEngine.Object,string)
  at Unity.XR.PXR.PXR_ProjectSetting.GetProjectConfig () [0x0016f] in E:\SixBox\RunnerGame\PICO Unity Integration SDK-3.4.0-20260226\Runtime\Scripts\PXR_ProjectSetting.cs:125 
  at Unity.XR.PXR.Editor.PXR_SDKSettingEditor.InitializeOnLoad () [0x00000] in E:\SixBox\RunnerGame\PICO Unity Integration SDK-3.4.0-20260226\Editor\PXR_SDKSettingEditor.cs:146 
  at (wrapper managed-to-native) System.Reflection.RuntimeMethodInfo.InternalInvoke(System.Reflection.RuntimeMethodInfo,object,object[],System.Exception&)
  at System.Reflection.RuntimeMethodInfo.Invoke (System.Object obj, System.Reflection.BindingFlags invokeAttr, System.Reflection.Binder binder, System.Object[] parameters, System.Globalization.CultureInfo culture) [0x0006a] in <688f272cc27c4df98c503f9d1f1267d0>:0 
   --- End of inner exception stack trace ---
  at System.Reflection.RuntimeMethodInfo.Invoke (System.Object obj, System.Reflection.BindingFlags invokeAttr, System.Reflection.Binder binder, System.Object[] parameters, System.Globalization.CultureInfo culture) [0x00083] in <688f272cc27c4df98c503f9d1f1267d0>:0 
  at System.Reflection.MethodBase.Invoke (System.Object obj, System.Object[] parameters) [0x00000] in <688f272cc27c4df98c503f9d1f1267d0>:0 
  at UnityEditor.EditorAssemblies.ProcessInitializeOnLoadMethodAttributes () [0x000a5] in <1518627dacca44efa32edd45bc720c48>:0 
UnityEngine.StackTraceUtility:ExtractStackTrace ()
UnityEngine.DebugLogHandler:LogFormat (UnityEngine.LogType,UnityEngine.Object,string,object[])
UnityEngine.Logger:Log (UnityEngine.LogType,object)
UnityEngine.Debug:LogError (object)
UnityEditor.EditorAssemblies:ProcessInitializeOnLoadMethodAttributes ()

Mono: successfully reloaded assembly
- Completed reload, in  3.253 seconds
Domain Reload Profiling:
	ReloadAssembly (3254ms)
		BeginReloadAssembly (394ms)
			ExecutionOrderSort (0ms)
			DisableScriptedObjects (6ms)
			BackupInstance (0ms)
			ReleaseScriptingObjects (0ms)
			CreateAndSetChildDomain (68ms)
		EndReloadAssembly (2618ms)
			LoadAssemblies (353ms)
			RebuildTransferFunctionScriptingTraits (0ms)
			SetupTypeCache (511ms)
			ReleaseScriptCaches (2ms)
			RebuildScriptCaches (78ms)
			SetupLoadedEditorAssemblies (1676ms)
				LogAssemblyErrors (0ms)
				InitializePlatformSupportModulesInManaged (25ms)
				SetLoadedEditorAssemblies (1ms)
				RefreshPlugins (2ms)
				BeforeProcessingInitializeOnLoad (126ms)
				ProcessInitializeOnLoadAttributes (1397ms)
				ProcessInitializeOnLoadMethodAttributes (76ms)
				AfterProcessingInitializeOnLoad (49ms)
				EditorAssembliesLoaded (0ms)
			ExecutionOrderSort2 (0ms)
			AwakeInstancesAfterBackupRestoration (13ms)
Platform modules already initialized, skipping
Refreshing native plugins compatible for Editor in 2.52 ms, found 14 plugins.
Preloading 3 native plugins for Editor in 1.31 ms.
Unloading 4609 Unused Serialized files (Serialized files now loaded: 0)
Unloading 52 unused Assets / (23.0 KB). Loaded Objects now: 5159.
Memory consumption went from 187.3 MB to 187.3 MB.
Total: 6.538700 ms (FindLiveObjects: 0.433700 ms CreateObjectMapping: 0.346300 ms MarkObjects: 5.686500 ms  DeleteObjects: 0.070300 ms)

AssetImportParameters requested are different than current active one (requested -> active):
  custom:video-decoder-ogg-theora: a1e56fd34408186e4bbccfd4996cb3dc -> 
  custom:container-muxer-webm: aa71ff27fc2769a1b78a27578f13a17b -> 
  custom:container-demuxer-webm: 4f35f7cbe854078d1ac9338744f61a02 -> 
  custom:video-encoder-webm-vp8: eb34c28f22e8b96e1ab97ce403110664 -> 
  custom:video-codec-MediaFoundation-h265: 746d11721c4dcdbdad8f713fa42b33f4 -> 
  custom:CustomObjectIndexerAttribute: bc11b3a6c3213fcdd17b65e7da85e133 -> 
  custom:audio-encoder-webm-vorbis: bf7c407c2cedff20999df2af8eb42d56 -> 
  custom:framework-win-MediaFoundation: 216162199b28c13a410421893ffa2e32 -> 
  custom:SearchIndexIgnoredProperties: e643bd26f0fe6173181afceb89e7c659 -> 
  custom:container-demuxer-ogg: 62fdf1f143b41e24485cea50d1cbac27 -> 
  custom:video-decoder-webm-vp8: 9c59270c3fd7afecdb556c50c9e8de78 -> 
  custom:audio-decoder-ogg-vorbis: bf7c407c2cedff20999df2af8eb42d56 -> 
========================================================================
Received Prepare
Registering precompiled user dll's ...
Registered in 0.046237 seconds.
Begin MonoManager ReloadAssembly
Native extension for WindowsStandalone target not found
Native extension for Android target not found
Refreshing native plugins compatible for Editor in 1.37 ms, found 14 plugins.
Preloading 3 native plugins for Editor in 0.80 ms.
PXRLog [Build Check]RegisterBuildPlayerHandler,Already Do not show: False
UnityEngine.StackTraceUtility:ExtractStackTrace ()
UnityEngine.DebugLogHandler:LogFormat (UnityEngine.LogType,UnityEngine.Object,string,object[])
UnityEngine.Logger:Log (UnityEngine.LogType,object)
UnityEngine.Debug:Log (object)
Unity.XR.PXR.Editor.PXR_SDKBuildCheck:.cctor () (at PICO Unity Integration SDK-3.4.0-20260226/Editor/PXR_SDKBuildCheck.cs:31)
System.Runtime.CompilerServices.RuntimeHelpers:RunClassConstructor (System.RuntimeTypeHandle)
UnityEditor.EditorAssemblies:ProcessInitializeOnLoadAttributes (System.Type[])

(Filename: PICO Unity Integration SDK-3.4.0-20260226/Editor/PXR_SDKBuildCheck.cs Line: 31)

[Package Manager] Server::EnsureServerProcessIsRunning -- launch failed, reason: Unity was launched with the -noUpm command-line argument
[Package Manager] Cannot connect to Unity Package Manager local server
[Package Manager] Server::EnsureServerProcessIsRunning -- launch failed, reason: Unity was launched with the -noUpm command-line argument
[Package Manager] Cannot connect to Unity Package Manager local server
[Package Manager] Server::EnsureServerProcessIsRunning -- launch failed, reason: Unity was launched with the -noUpm command-line argument
[Package Manager] Cannot connect to Unity Package Manager local server
进程外导入时不支持 CreateSerializedAsset
UnityEngine.StackTraceUtility:ExtractStackTrace ()
Unity.XR.PXR.PXR_ProjectSetting:GetProjectConfig () (at PICO Unity Integration SDK-3.4.0-20260226/Runtime/Scripts/PXR_ProjectSetting.cs:125)
Unity.XR.PXR.Editor.PXR_SDKSettingEditor:InitializeOnLoad () (at PICO Unity Integration SDK-3.4.0-20260226/Editor/PXR_SDKSettingEditor.cs:146)
System.Reflection.RuntimeMethodInfo:Invoke (object,System.Reflection.BindingFlags,System.Reflection.Binder,object[],System.Globalization.CultureInfo)
System.Reflection.MethodBase:Invoke (object,object[])
UnityEditor.EditorAssemblies:ProcessInitializeOnLoadMethodAttributes ()

[PICO Unity Integration SDK-3.4.0-20260226/Runtime/Scripts/PXR_ProjectSetting.cs line 125]

System.Reflection.TargetInvocationException: Exception has been thrown by the target of an invocation. ---> UnityEngine.UnityException: Creating asset at path Assets/Resources/PXR_ProjectSetting.asset failed.
  at (wrapper managed-to-native) UnityEditor.AssetDatabase.CreateAsset(UnityEngine.Object,string)
  at Unity.XR.PXR.PXR_ProjectSetting.GetProjectConfig () [0x0016f] in E:\SixBox\RunnerGame\PICO Unity Integration SDK-3.4.0-20260226\Runtime\Scripts\PXR_ProjectSetting.cs:125 
  at Unity.XR.PXR.Editor.PXR_SDKSettingEditor.InitializeOnLoad () [0x00000] in E:\SixBox\RunnerGame\PICO Unity Integration SDK-3.4.0-20260226\Editor\PXR_SDKSettingEditor.cs:146 
  at (wrapper managed-to-native) System.Reflection.RuntimeMethodInfo.InternalInvoke(System.Reflection.RuntimeMethodInfo,object,object[],System.Exception&)
  at System.Reflection.RuntimeMethodInfo.Invoke (System.Object obj, System.Reflection.BindingFlags invokeAttr, System.Reflection.Binder binder, System.Object[] parameters, System.Globalization.CultureInfo culture) [0x0006a] in <688f272cc27c4df98c503f9d1f1267d0>:0 
   --- End of inner exception stack trace ---
  at System.Reflection.RuntimeMethodInfo.Invoke (System.Object obj, System.Reflection.BindingFlags invokeAttr, System.Reflection.Binder binder, System.Object[] parameters, System.Globalization.CultureInfo culture) [0x00083] in <688f272cc27c4df98c503f9d1f1267d0>:0 
  at System.Reflection.MethodBase.Invoke (System.Object obj, System.Object[] parameters) [0x00000] in <688f272cc27c4df98c503f9d1f1267d0>:0 
  at UnityEditor.EditorAssemblies.ProcessInitializeOnLoadMethodAttributes () [0x000a5] in <1518627dacca44efa32edd45bc720c48>:0 
UnityEngine.StackTraceUtility:ExtractStackTrace ()
UnityEngine.DebugLogHandler:LogFormat (UnityEngine.LogType,UnityEngine.Object,string,object[])
UnityEngine.Logger:Log (UnityEngine.LogType,object)
UnityEngine.Debug:LogError (object)
UnityEditor.EditorAssemblies:ProcessInitializeOnLoadMethodAttributes ()

Mono: successfully reloaded assembly
- Completed reload, in  2.984 seconds
Domain Reload Profiling:
	ReloadAssembly (2985ms)
		BeginReloadAssembly (348ms)
			ExecutionOrderSort (0ms)
			DisableScriptedObjects (7ms)
			BackupInstance (0ms)
			ReleaseScriptingObjects (0ms)
			CreateAndSetChildDomain (58ms)
		EndReloadAssembly (2394ms)
			LoadAssemblies (314ms)
			RebuildTransferFunctionScriptingTraits (0ms)
			SetupTypeCache (446ms)
			ReleaseScriptCaches (2ms)
			RebuildScriptCaches (66ms)
			SetupLoadedEditorAssemblies (1551ms)
				LogAssemblyErrors (0ms)
				InitializePlatformSupportModulesInManaged (26ms)
				SetLoadedEditorAssemblies (1ms)
				RefreshPlugins (2ms)
				BeforeProcessingInitializeOnLoad (111ms)
				ProcessInitializeOnLoadAttributes (1283ms)
				ProcessInitializeOnLoadMethodAttributes (84ms)
				AfterProcessingInitializeOnLoad (42ms)
				EditorAssembliesLoaded (0ms)
			ExecutionOrderSort2 (0ms)
			AwakeInstancesAfterBackupRestoration (13ms)
Platform modules already initialized, skipping
Refreshing native plugins compatible for Editor in 2.20 ms, found 14 plugins.
Preloading 3 native plugins for Editor in 1.21 ms.
Unloading 4609 Unused Serialized files (Serialized files now loaded: 0)
Unloading 52 unused Assets / (23.0 KB). Loaded Objects now: 5164.
Memory consumption went from 187.3 MB to 187.3 MB.
Total: 5.476000 ms (FindLiveObjects: 0.470200 ms CreateObjectMapping: 0.440600 ms MarkObjects: 4.517600 ms  DeleteObjects: 0.046000 ms)

AssetImportParameters requested are different than current active one (requested -> active):
  custom:video-decoder-ogg-theora: a1e56fd34408186e4bbccfd4996cb3dc -> 
  custom:container-muxer-webm: aa71ff27fc2769a1b78a27578f13a17b -> 
  custom:container-demuxer-webm: 4f35f7cbe854078d1ac9338744f61a02 -> 
  custom:video-encoder-webm-vp8: eb34c28f22e8b96e1ab97ce403110664 -> 
  custom:video-codec-MediaFoundation-h265: 746d11721c4dcdbdad8f713fa42b33f4 -> 
  custom:CustomObjectIndexerAttribute: bc11b3a6c3213fcdd17b65e7da85e133 -> 
  custom:audio-encoder-webm-vorbis: bf7c407c2cedff20999df2af8eb42d56 -> 
  custom:framework-win-MediaFoundation: 216162199b28c13a410421893ffa2e32 -> 
  custom:SearchIndexIgnoredProperties: e643bd26f0fe6173181afceb89e7c659 -> 
  custom:container-demuxer-ogg: 62fdf1f143b41e24485cea50d1cbac27 -> 
  custom:video-decoder-webm-vp8: 9c59270c3fd7afecdb556c50c9e8de78 -> 
  custom:audio-decoder-ogg-vorbis: bf7c407c2cedff20999df2af8eb42d56 -> 
========================================================================
Received Prepare
Registering precompiled user dll's ...
Registered in 0.035263 seconds.
Begin MonoManager ReloadAssembly
Native extension for WindowsStandalone target not found
Native extension for Android target not found
Refreshing native plugins compatible for Editor in 1.29 ms, found 14 plugins.
Preloading 3 native plugins for Editor in 0.85 ms.
PXRLog [Build Check]RegisterBuildPlayerHandler,Already Do not show: False
UnityEngine.StackTraceUtility:ExtractStackTrace ()
UnityEngine.DebugLogHandler:LogFormat (UnityEngine.LogType,UnityEngine.Object,string,object[])
UnityEngine.Logger:Log (UnityEngine.LogType,object)
UnityEngine.Debug:Log (object)
Unity.XR.PXR.Editor.PXR_SDKBuildCheck:.cctor () (at PICO Unity Integration SDK-3.4.0-20260226/Editor/PXR_SDKBuildCheck.cs:31)
System.Runtime.CompilerServices.RuntimeHelpers:RunClassConstructor (System.RuntimeTypeHandle)
UnityEditor.EditorAssemblies:ProcessInitializeOnLoadAttributes (System.Type[])

(Filename: PICO Unity Integration SDK-3.4.0-20260226/Editor/PXR_SDKBuildCheck.cs Line: 31)

[Package Manager] Server::EnsureServerProcessIsRunning -- launch failed, reason: Unity was launched with the -noUpm command-line argument
[Package Manager] Cannot connect to Unity Package Manager local server
[Package Manager] Server::EnsureServerProcessIsRunning -- launch failed, reason: Unity was launched with the -noUpm command-line argument
[Package Manager] Cannot connect to Unity Package Manager local server
[Package Manager] Server::EnsureServerProcessIsRunning -- launch failed, reason: Unity was launched with the -noUpm command-line argument
[Package Manager] Cannot connect to Unity Package Manager local server
进程外导入时不支持 CreateSerializedAsset
UnityEngine.StackTraceUtility:ExtractStackTrace ()
Unity.XR.PXR.PXR_ProjectSetting:GetProjectConfig () (at PICO Unity Integration SDK-3.4.0-20260226/Runtime/Scripts/PXR_ProjectSetting.cs:125)
Unity.XR.PXR.Editor.PXR_SDKSettingEditor:InitializeOnLoad () (at PICO Unity Integration SDK-3.4.0-20260226/Editor/PXR_SDKSettingEditor.cs:146)
System.Reflection.RuntimeMethodInfo:Invoke (object,System.Reflection.BindingFlags,System.Reflection.Binder,object[],System.Globalization.CultureInfo)
System.Reflection.MethodBase:Invoke (object,object[])
UnityEditor.EditorAssemblies:ProcessInitializeOnLoadMethodAttributes ()

[PICO Unity Integration SDK-3.4.0-20260226/Runtime/Scripts/PXR_ProjectSetting.cs line 125]

System.Reflection.TargetInvocationException: Exception has been thrown by the target of an invocation. ---> UnityEngine.UnityException: Creating asset at path Assets/Resources/PXR_ProjectSetting.asset failed.
  at (wrapper managed-to-native) UnityEditor.AssetDatabase.CreateAsset(UnityEngine.Object,string)
  at Unity.XR.PXR.PXR_ProjectSetting.GetProjectConfig () [0x0016f] in E:\SixBox\RunnerGame\PICO Unity Integration SDK-3.4.0-20260226\Runtime\Scripts\PXR_ProjectSetting.cs:125 
  at Unity.XR.PXR.Editor.PXR_SDKSettingEditor.InitializeOnLoad () [0x00000] in E:\SixBox\RunnerGame\PICO Unity Integration SDK-3.4.0-20260226\Editor\PXR_SDKSettingEditor.cs:146 
  at (wrapper managed-to-native) System.Reflection.RuntimeMethodInfo.InternalInvoke(System.Reflection.RuntimeMethodInfo,object,object[],System.Exception&)
  at System.Reflection.RuntimeMethodInfo.Invoke (System.Object obj, System.Reflection.BindingFlags invokeAttr, System.Reflection.Binder binder, System.Object[] parameters, System.Globalization.CultureInfo culture) [0x0006a] in <688f272cc27c4df98c503f9d1f1267d0>:0 
   --- End of inner exception stack trace ---
  at System.Reflection.RuntimeMethodInfo.Invoke (System.Object obj, System.Reflection.BindingFlags invokeAttr, System.Reflection.Binder binder, System.Object[] parameters, System.Globalization.CultureInfo culture) [0x00083] in <688f272cc27c4df98c503f9d1f1267d0>:0 
  at System.Reflection.MethodBase.Invoke (System.Object obj, System.Object[] parameters) [0x00000] in <688f272cc27c4df98c503f9d1f1267d0>:0 
  at UnityEditor.EditorAssemblies.ProcessInitializeOnLoadMethodAttributes () [0x000a5] in <1518627dacca44efa32edd45bc720c48>:0 
UnityEngine.StackTraceUtility:ExtractStackTrace ()
UnityEngine.DebugLogHandler:LogFormat (UnityEngine.LogType,UnityEngine.Object,string,object[])
UnityEngine.Logger:Log (UnityEngine.LogType,object)
UnityEngine.Debug:LogError (object)
UnityEditor.EditorAssemblies:ProcessInitializeOnLoadMethodAttributes ()

Mono: successfully reloaded assembly
- Completed reload, in  2.951 seconds
Domain Reload Profiling:
	ReloadAssembly (2952ms)
		BeginReloadAssembly (354ms)
			ExecutionOrderSort (0ms)
			DisableScriptedObjects (7ms)
			BackupInstance (0ms)
			ReleaseScriptingObjects (0ms)
			CreateAndSetChildDomain (62ms)
		EndReloadAssembly (2388ms)
			LoadAssemblies (317ms)
			RebuildTransferFunctionScriptingTraits (0ms)
			SetupTypeCache (473ms)
			ReleaseScriptCaches (2ms)
			RebuildScriptCaches (56ms)
			SetupLoadedEditorAssemblies (1532ms)
				LogAssemblyErrors (0ms)
				InitializePlatformSupportModulesInManaged (24ms)
				SetLoadedEditorAssemblies (1ms)
				RefreshPlugins (2ms)
				BeforeProcessingInitializeOnLoad (117ms)
				ProcessInitializeOnLoadAttributes (1283ms)
				ProcessInitializeOnLoadMethodAttributes (63ms)
				AfterProcessingInitializeOnLoad (41ms)
				EditorAssembliesLoaded (0ms)
			ExecutionOrderSort2 (0ms)
			AwakeInstancesAfterBackupRestoration (10ms)
Platform modules already initialized, skipping
Refreshing native plugins compatible for Editor in 2.23 ms, found 14 plugins.
Preloading 3 native plugins for Editor in 1.28 ms.
Unloading 4609 Unused Serialized files (Serialized files now loaded: 0)
Unloading 52 unused Assets / (23.0 KB). Loaded Objects now: 5169.
Memory consumption went from 187.3 MB to 187.3 MB.
Total: 5.531700 ms (FindLiveObjects: 0.530100 ms CreateObjectMapping: 0.427800 ms MarkObjects: 4.526400 ms  DeleteObjects: 0.046000 ms)

AssetImportParameters requested are different than current active one (requested -> active):
  custom:video-decoder-ogg-theora: a1e56fd34408186e4bbccfd4996cb3dc -> 
  custom:container-muxer-webm: aa71ff27fc2769a1b78a27578f13a17b -> 
  custom:container-demuxer-webm: 4f35f7cbe854078d1ac9338744f61a02 -> 
  custom:video-encoder-webm-vp8: eb34c28f22e8b96e1ab97ce403110664 -> 
  custom:video-codec-MediaFoundation-h265: 746d11721c4dcdbdad8f713fa42b33f4 -> 
  custom:CustomObjectIndexerAttribute: bc11b3a6c3213fcdd17b65e7da85e133 -> 
  custom:audio-encoder-webm-vorbis: bf7c407c2cedff20999df2af8eb42d56 -> 
  custom:framework-win-MediaFoundation: 216162199b28c13a410421893ffa2e32 -> 
  custom:SearchIndexIgnoredProperties: e643bd26f0fe6173181afceb89e7c659 -> 
  custom:container-demuxer-ogg: 62fdf1f143b41e24485cea50d1cbac27 -> 
  custom:video-decoder-webm-vp8: 9c59270c3fd7afecdb556c50c9e8de78 -> 
  custom:audio-decoder-ogg-vorbis: bf7c407c2cedff20999df2af8eb42d56 -> 
========================================================================
Received Import Request.
  Time since last request: 229.782177 seconds.
  path: Assets/Scenes/level2.unity
  artifactKey: Guid(873511b4db171ae499903048940e8b97) Importer(815301076,1909f56bfc062723c751e8b465ee728b)
Number of updated assets reloaded before import = 0
Start importing Assets/Scenes/level2.unity using Guid(873511b4db171ae499903048940e8b97) Importer(815301076,1909f56bfc062723c751e8b465ee728b)  -> (artifact id: '13ab06fd2ab1679b7ff93805f86354a3') in 0.036424 seconds 
Number of asset objects unloaded after import = 0
========================================================================
Received Prepare
Registering precompiled user dll's ...
Registered in 0.047579 seconds.
Begin MonoManager ReloadAssembly
Native extension for WindowsStandalone target not found
Native extension for Android target not found
Refreshing native plugins compatible for Editor in 1.50 ms, found 14 plugins.
Preloading 3 native plugins for Editor in 0.88 ms.
PXRLog [Build Check]RegisterBuildPlayerHandler,Already Do not show: False
UnityEngine.StackTraceUtility:ExtractStackTrace ()
UnityEngine.DebugLogHandler:LogFormat (UnityEngine.LogType,UnityEngine.Object,string,object[])
UnityEngine.Logger:Log (UnityEngine.LogType,object)
UnityEngine.Debug:Log (object)
Unity.XR.PXR.Editor.PXR_SDKBuildCheck:.cctor () (at PICO Unity Integration SDK-3.4.0-20260226/Editor/PXR_SDKBuildCheck.cs:31)
System.Runtime.CompilerServices.RuntimeHelpers:RunClassConstructor (System.RuntimeTypeHandle)
UnityEditor.EditorAssemblies:ProcessInitializeOnLoadAttributes (System.Type[])

(Filename: PICO Unity Integration SDK-3.4.0-20260226/Editor/PXR_SDKBuildCheck.cs Line: 31)

[Package Manager] Server::EnsureServerProcessIsRunning -- launch failed, reason: Unity was launched with the -noUpm command-line argument
[Package Manager] Cannot connect to Unity Package Manager local server
[Package Manager] Server::EnsureServerProcessIsRunning -- launch failed, reason: Unity was launched with the -noUpm command-line argument
[Package Manager] Cannot connect to Unity Package Manager local server
[Package Manager] Server::EnsureServerProcessIsRunning -- launch failed, reason: Unity was launched with the -noUpm command-line argument
[Package Manager] Cannot connect to Unity Package Manager local server
进程外导入时不支持 CreateSerializedAsset
UnityEngine.StackTraceUtility:ExtractStackTrace ()
Unity.XR.PXR.PXR_ProjectSetting:GetProjectConfig () (at PICO Unity Integration SDK-3.4.0-20260226/Runtime/Scripts/PXR_ProjectSetting.cs:125)
Unity.XR.PXR.Editor.PXR_SDKSettingEditor:InitializeOnLoad () (at PICO Unity Integration SDK-3.4.0-20260226/Editor/PXR_SDKSettingEditor.cs:146)
System.Reflection.RuntimeMethodInfo:Invoke (object,System.Reflection.BindingFlags,System.Reflection.Binder,object[],System.Globalization.CultureInfo)
System.Reflection.MethodBase:Invoke (object,object[])
UnityEditor.EditorAssemblies:ProcessInitializeOnLoadMethodAttributes ()

[PICO Unity Integration SDK-3.4.0-20260226/Runtime/Scripts/PXR_ProjectSetting.cs line 125]

System.Reflection.TargetInvocationException: Exception has been thrown by the target of an invocation. ---> UnityEngine.UnityException: Creating asset at path Assets/Resources/PXR_ProjectSetting.asset failed.
  at (wrapper managed-to-native) UnityEditor.AssetDatabase.CreateAsset(UnityEngine.Object,string)
  at Unity.XR.PXR.PXR_ProjectSetting.GetProjectConfig () [0x0016f] in E:\SixBox\RunnerGame\PICO Unity Integration SDK-3.4.0-20260226\Runtime\Scripts\PXR_ProjectSetting.cs:125 
  at Unity.XR.PXR.Editor.PXR_SDKSettingEditor.InitializeOnLoad () [0x00000] in E:\SixBox\RunnerGame\PICO Unity Integration SDK-3.4.0-20260226\Editor\PXR_SDKSettingEditor.cs:146 
  at (wrapper managed-to-native) System.Reflection.RuntimeMethodInfo.InternalInvoke(System.Reflection.RuntimeMethodInfo,object,object[],System.Exception&)
  at System.Reflection.RuntimeMethodInfo.Invoke (System.Object obj, System.Reflection.BindingFlags invokeAttr, System.Reflection.Binder binder, System.Object[] parameters, System.Globalization.CultureInfo culture) [0x0006a] in <688f272cc27c4df98c503f9d1f1267d0>:0 
   --- End of inner exception stack trace ---
  at System.Reflection.RuntimeMethodInfo.Invoke (System.Object obj, System.Reflection.BindingFlags invokeAttr, System.Reflection.Binder binder, System.Object[] parameters, System.Globalization.CultureInfo culture) [0x00083] in <688f272cc27c4df98c503f9d1f1267d0>:0 
  at System.Reflection.MethodBase.Invoke (System.Object obj, System.Object[] parameters) [0x00000] in <688f272cc27c4df98c503f9d1f1267d0>:0 
  at UnityEditor.EditorAssemblies.ProcessInitializeOnLoadMethodAttributes () [0x000a5] in <1518627dacca44efa32edd45bc720c48>:0 
UnityEngine.StackTraceUtility:ExtractStackTrace ()
UnityEngine.DebugLogHandler:LogFormat (UnityEngine.LogType,UnityEngine.Object,string,object[])
UnityEngine.Logger:Log (UnityEngine.LogType,object)
UnityEngine.Debug:LogError (object)
UnityEditor.EditorAssemblies:ProcessInitializeOnLoadMethodAttributes ()

Mono: successfully reloaded assembly
- Completed reload, in  2.898 seconds
Domain Reload Profiling:
	ReloadAssembly (2899ms)
		BeginReloadAssembly (377ms)
			ExecutionOrderSort (0ms)
			DisableScriptedObjects (9ms)
			BackupInstance (0ms)
			ReleaseScriptingObjects (0ms)
			CreateAndSetChildDomain (62ms)
		EndReloadAssembly (2317ms)
			LoadAssemblies (317ms)
			RebuildTransferFunctionScriptingTraits (0ms)
			SetupTypeCache (435ms)
			ReleaseScriptCaches (2ms)
			RebuildScriptCaches (61ms)
			SetupLoadedEditorAssemblies (1502ms)
				LogAssemblyErrors (0ms)
				InitializePlatformSupportModulesInManaged (24ms)
				SetLoadedEditorAssemblies (1ms)
				RefreshPlugins (2ms)
				BeforeProcessingInitializeOnLoad (117ms)
				ProcessInitializeOnLoadAttributes (1267ms)
				ProcessInitializeOnLoadMethodAttributes (53ms)
				AfterProcessingInitializeOnLoad (37ms)
				EditorAssembliesLoaded (1ms)
			ExecutionOrderSort2 (0ms)
			AwakeInstancesAfterBackupRestoration (11ms)
Platform modules already initialized, skipping
Refreshing native plugins compatible for Editor in 2.60 ms, found 14 plugins.
Preloading 3 native plugins for Editor in 1.27 ms.
Unloading 4609 Unused Serialized files (Serialized files now loaded: 0)
Unloading 52 unused Assets / (23.0 KB). Loaded Objects now: 5174.
Memory consumption went from 187.4 MB to 187.3 MB.
Total: 5.618600 ms (FindLiveObjects: 0.446800 ms CreateObjectMapping: 0.395900 ms MarkObjects: 4.720400 ms  DeleteObjects: 0.054100 ms)

AssetImportParameters requested are different than current active one (requested -> active):
  custom:video-decoder-ogg-theora: a1e56fd34408186e4bbccfd4996cb3dc -> 
  custom:container-muxer-webm: aa71ff27fc2769a1b78a27578f13a17b -> 
  custom:container-demuxer-webm: 4f35f7cbe854078d1ac9338744f61a02 -> 
  custom:video-encoder-webm-vp8: eb34c28f22e8b96e1ab97ce403110664 -> 
  custom:video-codec-MediaFoundation-h265: 746d11721c4dcdbdad8f713fa42b33f4 -> 
  custom:CustomObjectIndexerAttribute: bc11b3a6c3213fcdd17b65e7da85e133 -> 
  custom:audio-encoder-webm-vorbis: bf7c407c2cedff20999df2af8eb42d56 -> 
  custom:framework-win-MediaFoundation: 216162199b28c13a410421893ffa2e32 -> 
  custom:SearchIndexIgnoredProperties: e643bd26f0fe6173181afceb89e7c659 -> 
  custom:container-demuxer-ogg: 62fdf1f143b41e24485cea50d1cbac27 -> 
  custom:video-decoder-webm-vp8: 9c59270c3fd7afecdb556c50c9e8de78 -> 
  custom:audio-decoder-ogg-vorbis: bf7c407c2cedff20999df2af8eb42d56 -> 
========================================================================
Received Prepare
Registering precompiled user dll's ...
Registered in 0.038590 seconds.
Begin MonoManager ReloadAssembly
Native extension for WindowsStandalone target not found
Native extension for Android target not found
Refreshing native plugins compatible for Editor in 1.76 ms, found 14 plugins.
Preloading 3 native plugins for Editor in 1.08 ms.
PXRLog [Build Check]RegisterBuildPlayerHandler,Already Do not show: False
UnityEngine.StackTraceUtility:ExtractStackTrace ()
UnityEngine.DebugLogHandler:LogFormat (UnityEngine.LogType,UnityEngine.Object,string,object[])
UnityEngine.Logger:Log (UnityEngine.LogType,object)
UnityEngine.Debug:Log (object)
Unity.XR.PXR.Editor.PXR_SDKBuildCheck:.cctor () (at PICO Unity Integration SDK-3.4.0-20260226/Editor/PXR_SDKBuildCheck.cs:31)
System.Runtime.CompilerServices.RuntimeHelpers:RunClassConstructor (System.RuntimeTypeHandle)
UnityEditor.EditorAssemblies:ProcessInitializeOnLoadAttributes (System.Type[])

(Filename: PICO Unity Integration SDK-3.4.0-20260226/Editor/PXR_SDKBuildCheck.cs Line: 31)

[Package Manager] Server::EnsureServerProcessIsRunning -- launch failed, reason: Unity was launched with the -noUpm command-line argument
[Package Manager] Cannot connect to Unity Package Manager local server
[Package Manager] Server::EnsureServerProcessIsRunning -- launch failed, reason: Unity was launched with the -noUpm command-line argument
[Package Manager] Cannot connect to Unity Package Manager local server
[Package Manager] Server::EnsureServerProcessIsRunning -- launch failed, reason: Unity was launched with the -noUpm command-line argument
[Package Manager] Cannot connect to Unity Package Manager local server
进程外导入时不支持 CreateSerializedAsset
UnityEngine.StackTraceUtility:ExtractStackTrace ()
Unity.XR.PXR.PXR_ProjectSetting:GetProjectConfig () (at PICO Unity Integration SDK-3.4.0-20260226/Runtime/Scripts/PXR_ProjectSetting.cs:125)
Unity.XR.PXR.Editor.PXR_SDKSettingEditor:InitializeOnLoad () (at PICO Unity Integration SDK-3.4.0-20260226/Editor/PXR_SDKSettingEditor.cs:146)
System.Reflection.RuntimeMethodInfo:Invoke (object,System.Reflection.BindingFlags,System.Reflection.Binder,object[],System.Globalization.CultureInfo)
System.Reflection.MethodBase:Invoke (object,object[])
UnityEditor.EditorAssemblies:ProcessInitializeOnLoadMethodAttributes ()

[PICO Unity Integration SDK-3.4.0-20260226/Runtime/Scripts/PXR_ProjectSetting.cs line 125]

System.Reflection.TargetInvocationException: Exception has been thrown by the target of an invocation. ---> UnityEngine.UnityException: Creating asset at path Assets/Resources/PXR_ProjectSetting.asset failed.
  at (wrapper managed-to-native) UnityEditor.AssetDatabase.CreateAsset(UnityEngine.Object,string)
  at Unity.XR.PXR.PXR_ProjectSetting.GetProjectConfig () [0x0016f] in E:\SixBox\RunnerGame\PICO Unity Integration SDK-3.4.0-20260226\Runtime\Scripts\PXR_ProjectSetting.cs:125 
  at Unity.XR.PXR.Editor.PXR_SDKSettingEditor.InitializeOnLoad () [0x00000] in E:\SixBox\RunnerGame\PICO Unity Integration SDK-3.4.0-20260226\Editor\PXR_SDKSettingEditor.cs:146 
  at (wrapper managed-to-native) System.Reflection.RuntimeMethodInfo.InternalInvoke(System.Reflection.RuntimeMethodInfo,object,object[],System.Exception&)
  at System.Reflection.RuntimeMethodInfo.Invoke (System.Object obj, System.Reflection.BindingFlags invokeAttr, System.Reflection.Binder binder, System.Object[] parameters, System.Globalization.CultureInfo culture) [0x0006a] in <688f272cc27c4df98c503f9d1f1267d0>:0 
   --- End of inner exception stack trace ---
  at System.Reflection.RuntimeMethodInfo.Invoke (System.Object obj, System.Reflection.BindingFlags invokeAttr, System.Reflection.Binder binder, System.Object[] parameters, System.Globalization.CultureInfo culture) [0x00083] in <688f272cc27c4df98c503f9d1f1267d0>:0 
  at System.Reflection.MethodBase.Invoke (System.Object obj, System.Object[] parameters) [0x00000] in <688f272cc27c4df98c503f9d1f1267d0>:0 
  at UnityEditor.EditorAssemblies.ProcessInitializeOnLoadMethodAttributes () [0x000a5] in <1518627dacca44efa32edd45bc720c48>:0 
UnityEngine.StackTraceUtility:ExtractStackTrace ()
UnityEngine.DebugLogHandler:LogFormat (UnityEngine.LogType,UnityEngine.Object,string,object[])
UnityEngine.Logger:Log (UnityEngine.LogType,object)
UnityEngine.Debug:LogError (object)
UnityEditor.EditorAssemblies:ProcessInitializeOnLoadMethodAttributes ()

Mono: successfully reloaded assembly
- Completed reload, in  3.399 seconds
Domain Reload Profiling:
	ReloadAssembly (3400ms)
		BeginReloadAssembly (375ms)
			ExecutionOrderSort (0ms)
			DisableScriptedObjects (6ms)
			BackupInstance (0ms)
			ReleaseScriptingObjects (0ms)
			CreateAndSetChildDomain (64ms)
		EndReloadAssembly (2783ms)
			LoadAssemblies (341ms)
			RebuildTransferFunctionScriptingTraits (0ms)
			SetupTypeCache (543ms)
			ReleaseScriptCaches (2ms)
			RebuildScriptCaches (83ms)
			SetupLoadedEditorAssemblies (1790ms)
				LogAssemblyErrors (0ms)
				InitializePlatformSupportModulesInManaged (30ms)
				SetLoadedEditorAssemblies (1ms)
				RefreshPlugins (3ms)
				BeforeProcessingInitializeOnLoad (137ms)
				ProcessInitializeOnLoadAttributes (1485ms)
				ProcessInitializeOnLoadMethodAttributes (79ms)
				AfterProcessingInitializeOnLoad (54ms)
				EditorAssembliesLoaded (0ms)
			ExecutionOrderSort2 (0ms)
			AwakeInstancesAfterBackupRestoration (10ms)
Platform modules already initialized, skipping
Refreshing native plugins compatible for Editor in 1.59 ms, found 14 plugins.
Preloading 3 native plugins for Editor in 0.88 ms.
Unloading 4609 Unused Serialized files (Serialized files now loaded: 0)
Unloading 52 unused Assets / (22.9 KB). Loaded Objects now: 5179.
Memory consumption went from 187.4 MB to 187.4 MB.
Total: 6.603500 ms (FindLiveObjects: 0.477200 ms CreateObjectMapping: 0.390200 ms MarkObjects: 5.654000 ms  DeleteObjects: 0.079900 ms)

AssetImportParameters requested are different than current active one (requested -> active):
  custom:video-decoder-ogg-theora: a1e56fd34408186e4bbccfd4996cb3dc -> 
  custom:container-muxer-webm: aa71ff27fc2769a1b78a27578f13a17b -> 
  custom:container-demuxer-webm: 4f35f7cbe854078d1ac9338744f61a02 -> 
  custom:video-encoder-webm-vp8: eb34c28f22e8b96e1ab97ce403110664 -> 
  custom:video-codec-MediaFoundation-h265: 746d11721c4dcdbdad8f713fa42b33f4 -> 
  custom:CustomObjectIndexerAttribute: bc11b3a6c3213fcdd17b65e7da85e133 -> 
  custom:audio-encoder-webm-vorbis: bf7c407c2cedff20999df2af8eb42d56 -> 
  custom:framework-win-MediaFoundation: 216162199b28c13a410421893ffa2e32 -> 
  custom:SearchIndexIgnoredProperties: e643bd26f0fe6173181afceb89e7c659 -> 
  custom:container-demuxer-ogg: 62fdf1f143b41e24485cea50d1cbac27 -> 
  custom:video-decoder-webm-vp8: 9c59270c3fd7afecdb556c50c9e8de78 -> 
  custom:audio-decoder-ogg-vorbis: bf7c407c2cedff20999df2af8eb42d56 -> 
========================================================================
Received Prepare
Registering precompiled user dll's ...
Registered in 0.041518 seconds.
Begin MonoManager ReloadAssembly
Native extension for WindowsStandalone target not found
Native extension for Android target not found
Refreshing native plugins compatible for Editor in 1.94 ms, found 14 plugins.
Preloading 3 native plugins for Editor in 1.43 ms.
PXRLog [Build Check]RegisterBuildPlayerHandler,Already Do not show: False
UnityEngine.StackTraceUtility:ExtractStackTrace ()
UnityEngine.DebugLogHandler:LogFormat (UnityEngine.LogType,UnityEngine.Object,string,object[])
UnityEngine.Logger:Log (UnityEngine.LogType,object)
UnityEngine.Debug:Log (object)
Unity.XR.PXR.Editor.PXR_SDKBuildCheck:.cctor () (at PICO Unity Integration SDK-3.4.0-20260226/Editor/PXR_SDKBuildCheck.cs:31)
System.Runtime.CompilerServices.RuntimeHelpers:RunClassConstructor (System.RuntimeTypeHandle)
UnityEditor.EditorAssemblies:ProcessInitializeOnLoadAttributes (System.Type[])

(Filename: PICO Unity Integration SDK-3.4.0-20260226/Editor/PXR_SDKBuildCheck.cs Line: 31)

[Package Manager] Server::EnsureServerProcessIsRunning -- launch failed, reason: Unity was launched with the -noUpm command-line argument
[Package Manager] Cannot connect to Unity Package Manager local server
[Package Manager] Server::EnsureServerProcessIsRunning -- launch failed, reason: Unity was launched with the -noUpm command-line argument
[Package Manager] Cannot connect to Unity Package Manager local server
[Package Manager] Server::EnsureServerProcessIsRunning -- launch failed, reason: Unity was launched with the -noUpm command-line argument
[Package Manager] Cannot connect to Unity Package Manager local server
进程外导入时不支持 CreateSerializedAsset
UnityEngine.StackTraceUtility:ExtractStackTrace ()
Unity.XR.PXR.PXR_ProjectSetting:GetProjectConfig () (at PICO Unity Integration SDK-3.4.0-20260226/Runtime/Scripts/PXR_ProjectSetting.cs:125)
Unity.XR.PXR.Editor.PXR_SDKSettingEditor:InitializeOnLoad () (at PICO Unity Integration SDK-3.4.0-20260226/Editor/PXR_SDKSettingEditor.cs:146)
System.Reflection.RuntimeMethodInfo:Invoke (object,System.Reflection.BindingFlags,System.Reflection.Binder,object[],System.Globalization.CultureInfo)
System.Reflection.MethodBase:Invoke (object,object[])
UnityEditor.EditorAssemblies:ProcessInitializeOnLoadMethodAttributes ()

[PICO Unity Integration SDK-3.4.0-20260226/Runtime/Scripts/PXR_ProjectSetting.cs line 125]

System.Reflection.TargetInvocationException: Exception has been thrown by the target of an invocation. ---> UnityEngine.UnityException: Creating asset at path Assets/Resources/PXR_ProjectSetting.asset failed.
  at (wrapper managed-to-native) UnityEditor.AssetDatabase.CreateAsset(UnityEngine.Object,string)
  at Unity.XR.PXR.PXR_ProjectSetting.GetProjectConfig () [0x0016f] in E:\SixBox\RunnerGame\PICO Unity Integration SDK-3.4.0-20260226\Runtime\Scripts\PXR_ProjectSetting.cs:125 
  at Unity.XR.PXR.Editor.PXR_SDKSettingEditor.InitializeOnLoad () [0x00000] in E:\SixBox\RunnerGame\PICO Unity Integration SDK-3.4.0-20260226\Editor\PXR_SDKSettingEditor.cs:146 
  at (wrapper managed-to-native) System.Reflection.RuntimeMethodInfo.InternalInvoke(System.Reflection.RuntimeMethodInfo,object,object[],System.Exception&)
  at System.Reflection.RuntimeMethodInfo.Invoke (System.Object obj, System.Reflection.BindingFlags invokeAttr, System.Reflection.Binder binder, System.Object[] parameters, System.Globalization.CultureInfo culture) [0x0006a] in <688f272cc27c4df98c503f9d1f1267d0>:0 
   --- End of inner exception stack trace ---
  at System.Reflection.RuntimeMethodInfo.Invoke (System.Object obj, System.Reflection.BindingFlags invokeAttr, System.Reflection.Binder binder, System.Object[] parameters, System.Globalization.CultureInfo culture) [0x00083] in <688f272cc27c4df98c503f9d1f1267d0>:0 
  at System.Reflection.MethodBase.Invoke (System.Object obj, System.Object[] parameters) [0x00000] in <688f272cc27c4df98c503f9d1f1267d0>:0 
  at UnityEditor.EditorAssemblies.ProcessInitializeOnLoadMethodAttributes () [0x000a5] in <1518627dacca44efa32edd45bc720c48>:0 
UnityEngine.StackTraceUtility:ExtractStackTrace ()
UnityEngine.DebugLogHandler:LogFormat (UnityEngine.LogType,UnityEngine.Object,string,object[])
UnityEngine.Logger:Log (UnityEngine.LogType,object)
UnityEngine.Debug:LogError (object)
UnityEditor.EditorAssemblies:ProcessInitializeOnLoadMethodAttributes ()

Mono: successfully reloaded assembly
- Completed reload, in  3.257 seconds
Domain Reload Profiling:
	ReloadAssembly (3258ms)
		BeginReloadAssembly (366ms)
			ExecutionOrderSort (0ms)
			DisableScriptedObjects (7ms)
			BackupInstance (0ms)
			ReleaseScriptingObjects (0ms)
			CreateAndSetChildDomain (60ms)
		EndReloadAssembly (2647ms)
			LoadAssemblies (322ms)
			RebuildTransferFunctionScriptingTraits (0ms)
			SetupTypeCache (487ms)
			ReleaseScriptCaches (2ms)
			RebuildScriptCaches (74ms)
			SetupLoadedEditorAssemblies (1741ms)
				LogAssemblyErrors (0ms)
				InitializePlatformSupportModulesInManaged (29ms)
				SetLoadedEditorAssemblies (1ms)
				RefreshPlugins (4ms)
				BeforeProcessingInitializeOnLoad (141ms)
				ProcessInitializeOnLoadAttributes (1443ms)
				ProcessInitializeOnLoadMethodAttributes (79ms)
				AfterProcessingInitializeOnLoad (45ms)
				EditorAssembliesLoaded (0ms)
			ExecutionOrderSort2 (0ms)
			AwakeInstancesAfterBackupRestoration (13ms)
Platform modules already initialized, skipping
Refreshing native plugins compatible for Editor in 2.99 ms, found 14 plugins.
Preloading 3 native plugins for Editor in 1.29 ms.
Unloading 4609 Unused Serialized files (Serialized files now loaded: 0)
Unloading 52 unused Assets / (23.0 KB). Loaded Objects now: 5184.
Memory consumption went from 187.4 MB to 187.4 MB.
Total: 5.812000 ms (FindLiveObjects: 0.432800 ms CreateObjectMapping: 0.342700 ms MarkObjects: 4.977300 ms  DeleteObjects: 0.057600 ms)

AssetImportParameters requested are different than current active one (requested -> active):
  custom:video-decoder-ogg-theora: a1e56fd34408186e4bbccfd4996cb3dc -> 
  custom:container-muxer-webm: aa71ff27fc2769a1b78a27578f13a17b -> 
  custom:container-demuxer-webm: 4f35f7cbe854078d1ac9338744f61a02 -> 
  custom:video-encoder-webm-vp8: eb34c28f22e8b96e1ab97ce403110664 -> 
  custom:video-codec-MediaFoundation-h265: 746d11721c4dcdbdad8f713fa42b33f4 -> 
  custom:CustomObjectIndexerAttribute: bc11b3a6c3213fcdd17b65e7da85e133 -> 
  custom:audio-encoder-webm-vorbis: bf7c407c2cedff20999df2af8eb42d56 -> 
  custom:framework-win-MediaFoundation: 216162199b28c13a410421893ffa2e32 -> 
  custom:SearchIndexIgnoredProperties: e643bd26f0fe6173181afceb89e7c659 -> 
  custom:container-demuxer-ogg: 62fdf1f143b41e24485cea50d1cbac27 -> 
  custom:video-decoder-webm-vp8: 9c59270c3fd7afecdb556c50c9e8de78 -> 
  custom:audio-decoder-ogg-vorbis: bf7c407c2cedff20999df2af8eb42d56 -> 
========================================================================
Received Prepare
Registering precompiled user dll's ...
Registered in 0.044715 seconds.
Begin MonoManager ReloadAssembly
Native extension for WindowsStandalone target not found
Native extension for Android target not found
Refreshing native plugins compatible for Editor in 1.51 ms, found 14 plugins.
Preloading 3 native plugins for Editor in 0.88 ms.
PXRLog [Build Check]RegisterBuildPlayerHandler,Already Do not show: False
UnityEngine.StackTraceUtility:ExtractStackTrace ()
UnityEngine.DebugLogHandler:LogFormat (UnityEngine.LogType,UnityEngine.Object,string,object[])
UnityEngine.Logger:Log (UnityEngine.LogType,object)
UnityEngine.Debug:Log (object)
Unity.XR.PXR.Editor.PXR_SDKBuildCheck:.cctor () (at PICO Unity Integration SDK-3.4.0-20260226/Editor/PXR_SDKBuildCheck.cs:31)
System.Runtime.CompilerServices.RuntimeHelpers:RunClassConstructor (System.RuntimeTypeHandle)
UnityEditor.EditorAssemblies:ProcessInitializeOnLoadAttributes (System.Type[])

(Filename: PICO Unity Integration SDK-3.4.0-20260226/Editor/PXR_SDKBuildCheck.cs Line: 31)

[Package Manager] Server::EnsureServerProcessIsRunning -- launch failed, reason: Unity was launched with the -noUpm command-line argument
[Package Manager] Cannot connect to Unity Package Manager local server
[Package Manager] Server::EnsureServerProcessIsRunning -- launch failed, reason: Unity was launched with the -noUpm command-line argument
[Package Manager] Cannot connect to Unity Package Manager local server
[Package Manager] Server::EnsureServerProcessIsRunning -- launch failed, reason: Unity was launched with the -noUpm command-line argument
[Package Manager] Cannot connect to Unity Package Manager local server
进程外导入时不支持 CreateSerializedAsset
UnityEngine.StackTraceUtility:ExtractStackTrace ()
Unity.XR.PXR.PXR_ProjectSetting:GetProjectConfig () (at PICO Unity Integration SDK-3.4.0-20260226/Runtime/Scripts/PXR_ProjectSetting.cs:125)
Unity.XR.PXR.Editor.PXR_SDKSettingEditor:InitializeOnLoad () (at PICO Unity Integration SDK-3.4.0-20260226/Editor/PXR_SDKSettingEditor.cs:146)
System.Reflection.RuntimeMethodInfo:Invoke (object,System.Reflection.BindingFlags,System.Reflection.Binder,object[],System.Globalization.CultureInfo)
System.Reflection.MethodBase:Invoke (object,object[])
UnityEditor.EditorAssemblies:ProcessInitializeOnLoadMethodAttributes ()

[PICO Unity Integration SDK-3.4.0-20260226/Runtime/Scripts/PXR_ProjectSetting.cs line 125]

System.Reflection.TargetInvocationException: Exception has been thrown by the target of an invocation. ---> UnityEngine.UnityException: Creating asset at path Assets/Resources/PXR_ProjectSetting.asset failed.
  at (wrapper managed-to-native) UnityEditor.AssetDatabase.CreateAsset(UnityEngine.Object,string)
  at Unity.XR.PXR.PXR_ProjectSetting.GetProjectConfig () [0x0016f] in E:\SixBox\RunnerGame\PICO Unity Integration SDK-3.4.0-20260226\Runtime\Scripts\PXR_ProjectSetting.cs:125 
  at Unity.XR.PXR.Editor.PXR_SDKSettingEditor.InitializeOnLoad () [0x00000] in E:\SixBox\RunnerGame\PICO Unity Integration SDK-3.4.0-20260226\Editor\PXR_SDKSettingEditor.cs:146 
  at (wrapper managed-to-native) System.Reflection.RuntimeMethodInfo.InternalInvoke(System.Reflection.RuntimeMethodInfo,object,object[],System.Exception&)
  at System.Reflection.RuntimeMethodInfo.Invoke (System.Object obj, System.Reflection.BindingFlags invokeAttr, System.Reflection.Binder binder, System.Object[] parameters, System.Globalization.CultureInfo culture) [0x0006a] in <688f272cc27c4df98c503f9d1f1267d0>:0 
   --- End of inner exception stack trace ---
  at System.Reflection.RuntimeMethodInfo.Invoke (System.Object obj, System.Reflection.BindingFlags invokeAttr, System.Reflection.Binder binder, System.Object[] parameters, System.Globalization.CultureInfo culture) [0x00083] in <688f272cc27c4df98c503f9d1f1267d0>:0 
  at System.Reflection.MethodBase.Invoke (System.Object obj, System.Object[] parameters) [0x00000] in <688f272cc27c4df98c503f9d1f1267d0>:0 
  at UnityEditor.EditorAssemblies.ProcessInitializeOnLoadMethodAttributes () [0x000a5] in <1518627dacca44efa32edd45bc720c48>:0 
UnityEngine.StackTraceUtility:ExtractStackTrace ()
UnityEngine.DebugLogHandler:LogFormat (UnityEngine.LogType,UnityEngine.Object,string,object[])
UnityEngine.Logger:Log (UnityEngine.LogType,object)
UnityEngine.Debug:LogError (object)
UnityEditor.EditorAssemblies:ProcessInitializeOnLoadMethodAttributes ()

Mono: successfully reloaded assembly
- Completed reload, in  3.382 seconds
Domain Reload Profiling:
	ReloadAssembly (3383ms)
		BeginReloadAssembly (411ms)
			ExecutionOrderSort (0ms)
			DisableScriptedObjects (10ms)
			BackupInstance (0ms)
			ReleaseScriptingObjects (0ms)
			CreateAndSetChildDomain (67ms)
		EndReloadAssembly (2714ms)
			LoadAssemblies (373ms)
			RebuildTransferFunctionScriptingTraits (0ms)
			SetupTypeCache (568ms)
			ReleaseScriptCaches (2ms)
			RebuildScriptCaches (82ms)
			SetupLoadedEditorAssemblies (1688ms)
				LogAssemblyErrors (0ms)
				InitializePlatformSupportModulesInManaged (28ms)
				SetLoadedEditorAssemblies (1ms)
				RefreshPlugins (3ms)
				BeforeProcessingInitializeOnLoad (126ms)
				ProcessInitializeOnLoadAttributes (1410ms)
				ProcessInitializeOnLoadMethodAttributes (74ms)
				AfterProcessingInitializeOnLoad (46ms)
				EditorAssembliesLoaded (0ms)
			ExecutionOrderSort2 (0ms)
			AwakeInstancesAfterBackupRestoration (12ms)
Platform modules already initialized, skipping
Refreshing native plugins compatible for Editor in 2.95 ms, found 14 plugins.
Preloading 3 native plugins for Editor in 1.45 ms.
Unloading 4609 Unused Serialized files (Serialized files now loaded: 0)
Unloading 52 unused Assets / (23.0 KB). Loaded Objects now: 5189.
Memory consumption went from 187.4 MB to 187.4 MB.
Total: 6.576000 ms (FindLiveObjects: 0.490000 ms CreateObjectMapping: 0.494600 ms MarkObjects: 5.525700 ms  DeleteObjects: 0.063700 ms)

AssetImportParameters requested are different than current active one (requested -> active):
  custom:video-decoder-ogg-theora: a1e56fd34408186e4bbccfd4996cb3dc -> 
  custom:container-muxer-webm: aa71ff27fc2769a1b78a27578f13a17b -> 
  custom:container-demuxer-webm: 4f35f7cbe854078d1ac9338744f61a02 -> 
  custom:video-encoder-webm-vp8: eb34c28f22e8b96e1ab97ce403110664 -> 
  custom:video-codec-MediaFoundation-h265: 746d11721c4dcdbdad8f713fa42b33f4 -> 
  custom:CustomObjectIndexerAttribute: bc11b3a6c3213fcdd17b65e7da85e133 -> 
  custom:audio-encoder-webm-vorbis: bf7c407c2cedff20999df2af8eb42d56 -> 
  custom:framework-win-MediaFoundation: 216162199b28c13a410421893ffa2e32 -> 
  custom:SearchIndexIgnoredProperties: e643bd26f0fe6173181afceb89e7c659 -> 
  custom:container-demuxer-ogg: 62fdf1f143b41e24485cea50d1cbac27 -> 
  custom:video-decoder-webm-vp8: 9c59270c3fd7afecdb556c50c9e8de78 -> 
  custom:audio-decoder-ogg-vorbis: bf7c407c2cedff20999df2af8eb42d56 -> 
========================================================================
Received Prepare
Registering precompiled user dll's ...
Registered in 0.034908 seconds.
Begin MonoManager ReloadAssembly
Native extension for WindowsStandalone target not found
Native extension for Android target not found
Refreshing native plugins compatible for Editor in 1.52 ms, found 14 plugins.
Preloading 3 native plugins for Editor in 1.53 ms.
PXRLog [Build Check]RegisterBuildPlayerHandler,Already Do not show: False
UnityEngine.StackTraceUtility:ExtractStackTrace ()
UnityEngine.DebugLogHandler:LogFormat (UnityEngine.LogType,UnityEngine.Object,string,object[])
UnityEngine.Logger:Log (UnityEngine.LogType,object)
UnityEngine.Debug:Log (object)
Unity.XR.PXR.Editor.PXR_SDKBuildCheck:.cctor () (at PICO Unity Integration SDK-3.4.0-20260226/Editor/PXR_SDKBuildCheck.cs:31)
System.Runtime.CompilerServices.RuntimeHelpers:RunClassConstructor (System.RuntimeTypeHandle)
UnityEditor.EditorAssemblies:ProcessInitializeOnLoadAttributes (System.Type[])

(Filename: PICO Unity Integration SDK-3.4.0-20260226/Editor/PXR_SDKBuildCheck.cs Line: 31)

[Package Manager] Server::EnsureServerProcessIsRunning -- launch failed, reason: Unity was launched with the -noUpm command-line argument
[Package Manager] Cannot connect to Unity Package Manager local server
[Package Manager] Server::EnsureServerProcessIsRunning -- launch failed, reason: Unity was launched with the -noUpm command-line argument
[Package Manager] Cannot connect to Unity Package Manager local server
[Package Manager] Server::EnsureServerProcessIsRunning -- launch failed, reason: Unity was launched with the -noUpm command-line argument
[Package Manager] Cannot connect to Unity Package Manager local server
进程外导入时不支持 CreateSerializedAsset
UnityEngine.StackTraceUtility:ExtractStackTrace ()
Unity.XR.PXR.PXR_ProjectSetting:GetProjectConfig () (at PICO Unity Integration SDK-3.4.0-20260226/Runtime/Scripts/PXR_ProjectSetting.cs:125)
Unity.XR.PXR.Editor.PXR_SDKSettingEditor:InitializeOnLoad () (at PICO Unity Integration SDK-3.4.0-20260226/Editor/PXR_SDKSettingEditor.cs:146)
System.Reflection.RuntimeMethodInfo:Invoke (object,System.Reflection.BindingFlags,System.Reflection.Binder,object[],System.Globalization.CultureInfo)
System.Reflection.MethodBase:Invoke (object,object[])
UnityEditor.EditorAssemblies:ProcessInitializeOnLoadMethodAttributes ()

[PICO Unity Integration SDK-3.4.0-20260226/Runtime/Scripts/PXR_ProjectSetting.cs line 125]

System.Reflection.TargetInvocationException: Exception has been thrown by the target of an invocation. ---> UnityEngine.UnityException: Creating asset at path Assets/Resources/PXR_ProjectSetting.asset failed.
  at (wrapper managed-to-native) UnityEditor.AssetDatabase.CreateAsset(UnityEngine.Object,string)
  at Unity.XR.PXR.PXR_ProjectSetting.GetProjectConfig () [0x0016f] in E:\SixBox\RunnerGame\PICO Unity Integration SDK-3.4.0-20260226\Runtime\Scripts\PXR_ProjectSetting.cs:125 
  at Unity.XR.PXR.Editor.PXR_SDKSettingEditor.InitializeOnLoad () [0x00000] in E:\SixBox\RunnerGame\PICO Unity Integration SDK-3.4.0-20260226\Editor\PXR_SDKSettingEditor.cs:146 
  at (wrapper managed-to-native) System.Reflection.RuntimeMethodInfo.InternalInvoke(System.Reflection.RuntimeMethodInfo,object,object[],System.Exception&)
  at System.Reflection.RuntimeMethodInfo.Invoke (System.Object obj, System.Reflection.BindingFlags invokeAttr, System.Reflection.Binder binder, System.Object[] parameters, System.Globalization.CultureInfo culture) [0x0006a] in <688f272cc27c4df98c503f9d1f1267d0>:0 
   --- End of inner exception stack trace ---
  at System.Reflection.RuntimeMethodInfo.Invoke (System.Object obj, System.Reflection.BindingFlags invokeAttr, System.Reflection.Binder binder, System.Object[] parameters, System.Globalization.CultureInfo culture) [0x00083] in <688f272cc27c4df98c503f9d1f1267d0>:0 
  at System.Reflection.MethodBase.Invoke (System.Object obj, System.Object[] parameters) [0x00000] in <688f272cc27c4df98c503f9d1f1267d0>:0 
  at UnityEditor.EditorAssemblies.ProcessInitializeOnLoadMethodAttributes () [0x000a5] in <1518627dacca44efa32edd45bc720c48>:0 
UnityEngine.StackTraceUtility:ExtractStackTrace ()
UnityEngine.DebugLogHandler:LogFormat (UnityEngine.LogType,UnityEngine.Object,string,object[])
UnityEngine.Logger:Log (UnityEngine.LogType,object)
UnityEngine.Debug:LogError (object)
UnityEditor.EditorAssemblies:ProcessInitializeOnLoadMethodAttributes ()

Mono: successfully reloaded assembly
- Completed reload, in  3.410 seconds
Domain Reload Profiling:
	ReloadAssembly (3411ms)
		BeginReloadAssembly (425ms)
			ExecutionOrderSort (0ms)
			DisableScriptedObjects (9ms)
			BackupInstance (0ms)
			ReleaseScriptingObjects (0ms)
			CreateAndSetChildDomain (91ms)
		EndReloadAssembly (2722ms)
			LoadAssemblies (339ms)
			RebuildTransferFunctionScriptingTraits (0ms)
			SetupTypeCache (542ms)
			ReleaseScriptCaches (2ms)
			RebuildScriptCaches (84ms)
			SetupLoadedEditorAssemblies (1745ms)
				LogAssemblyErrors (0ms)
				InitializePlatformSupportModulesInManaged (29ms)
				SetLoadedEditorAssemblies (1ms)
				RefreshPlugins (3ms)
				BeforeProcessingInitializeOnLoad (145ms)
				ProcessInitializeOnLoadAttributes (1454ms)
				ProcessInitializeOnLoadMethodAttributes (65ms)
				AfterProcessingInitializeOnLoad (47ms)
				EditorAssembliesLoaded (0ms)
			ExecutionOrderSort2 (0ms)
			AwakeInstancesAfterBackupRestoration (9ms)
Platform modules already initialized, skipping
Refreshing native plugins compatible for Editor in 1.51 ms, found 14 plugins.
Preloading 3 native plugins for Editor in 0.88 ms.
Unloading 4609 Unused Serialized files (Serialized files now loaded: 0)
Unloading 52 unused Assets / (23.0 KB). Loaded Objects now: 5194.
Memory consumption went from 187.4 MB to 187.4 MB.
Total: 6.300000 ms (FindLiveObjects: 0.534200 ms CreateObjectMapping: 0.502000 ms MarkObjects: 5.200000 ms  DeleteObjects: 0.062200 ms)

AssetImportParameters requested are different than current active one (requested -> active):
  custom:video-decoder-ogg-theora: a1e56fd34408186e4bbccfd4996cb3dc -> 
  custom:container-muxer-webm: aa71ff27fc2769a1b78a27578f13a17b -> 
  custom:container-demuxer-webm: 4f35f7cbe854078d1ac9338744f61a02 -> 
  custom:video-encoder-webm-vp8: eb34c28f22e8b96e1ab97ce403110664 -> 
  custom:video-codec-MediaFoundation-h265: 746d11721c4dcdbdad8f713fa42b33f4 -> 
  custom:CustomObjectIndexerAttribute: bc11b3a6c3213fcdd17b65e7da85e133 -> 
  custom:audio-encoder-webm-vorbis: bf7c407c2cedff20999df2af8eb42d56 -> 
  custom:framework-win-MediaFoundation: 216162199b28c13a410421893ffa2e32 -> 
  custom:SearchIndexIgnoredProperties: e643bd26f0fe6173181afceb89e7c659 -> 
  custom:container-demuxer-ogg: 62fdf1f143b41e24485cea50d1cbac27 -> 
  custom:video-decoder-webm-vp8: 9c59270c3fd7afecdb556c50c9e8de78 -> 
  custom:audio-decoder-ogg-vorbis: bf7c407c2cedff20999df2af8eb42d56 -> 
========================================================================
Received Prepare
Registering precompiled user dll's ...
Registered in 0.041400 seconds.
Begin MonoManager ReloadAssembly
Native extension for WindowsStandalone target not found
Native extension for Android target not found
Refreshing native plugins compatible for Editor in 1.49 ms, found 14 plugins.
Preloading 3 native plugins for Editor in 0.88 ms.
PXRLog [Build Check]RegisterBuildPlayerHandler,Already Do not show: False
UnityEngine.StackTraceUtility:ExtractStackTrace ()
UnityEngine.DebugLogHandler:LogFormat (UnityEngine.LogType,UnityEngine.Object,string,object[])
UnityEngine.Logger:Log (UnityEngine.LogType,object)
UnityEngine.Debug:Log (object)
Unity.XR.PXR.Editor.PXR_SDKBuildCheck:.cctor () (at PICO Unity Integration SDK-3.4.0-20260226/Editor/PXR_SDKBuildCheck.cs:31)
System.Runtime.CompilerServices.RuntimeHelpers:RunClassConstructor (System.RuntimeTypeHandle)
UnityEditor.EditorAssemblies:ProcessInitializeOnLoadAttributes (System.Type[])

(Filename: PICO Unity Integration SDK-3.4.0-20260226/Editor/PXR_SDKBuildCheck.cs Line: 31)

[Package Manager] Server::EnsureServerProcessIsRunning -- launch failed, reason: Unity was launched with the -noUpm command-line argument
[Package Manager] Cannot connect to Unity Package Manager local server
[Package Manager] Server::EnsureServerProcessIsRunning -- launch failed, reason: Unity was launched with the -noUpm command-line argument
[Package Manager] Cannot connect to Unity Package Manager local server
[Package Manager] Server::EnsureServerProcessIsRunning -- launch failed, reason: Unity was launched with the -noUpm command-line argument
[Package Manager] Cannot connect to Unity Package Manager local server
进程外导入时不支持 CreateSerializedAsset
UnityEngine.StackTraceUtility:ExtractStackTrace ()
Unity.XR.PXR.PXR_ProjectSetting:GetProjectConfig () (at PICO Unity Integration SDK-3.4.0-20260226/Runtime/Scripts/PXR_ProjectSetting.cs:125)
Unity.XR.PXR.Editor.PXR_SDKSettingEditor:InitializeOnLoad () (at PICO Unity Integration SDK-3.4.0-20260226/Editor/PXR_SDKSettingEditor.cs:146)
System.Reflection.RuntimeMethodInfo:Invoke (object,System.Reflection.BindingFlags,System.Reflection.Binder,object[],System.Globalization.CultureInfo)
System.Reflection.MethodBase:Invoke (object,object[])
UnityEditor.EditorAssemblies:ProcessInitializeOnLoadMethodAttributes ()

[PICO Unity Integration SDK-3.4.0-20260226/Runtime/Scripts/PXR_ProjectSetting.cs line 125]

System.Reflection.TargetInvocationException: Exception has been thrown by the target of an invocation. ---> UnityEngine.UnityException: Creating asset at path Assets/Resources/PXR_ProjectSetting.asset failed.
  at (wrapper managed-to-native) UnityEditor.AssetDatabase.CreateAsset(UnityEngine.Object,string)
  at Unity.XR.PXR.PXR_ProjectSetting.GetProjectConfig () [0x0016f] in E:\SixBox\RunnerGame\PICO Unity Integration SDK-3.4.0-20260226\Runtime\Scripts\PXR_ProjectSetting.cs:125 
  at Unity.XR.PXR.Editor.PXR_SDKSettingEditor.InitializeOnLoad () [0x00000] in E:\SixBox\RunnerGame\PICO Unity Integration SDK-3.4.0-20260226\Editor\PXR_SDKSettingEditor.cs:146 
  at (wrapper managed-to-native) System.Reflection.RuntimeMethodInfo.InternalInvoke(System.Reflection.RuntimeMethodInfo,object,object[],System.Exception&)
  at System.Reflection.RuntimeMethodInfo.Invoke (System.Object obj, System.Reflection.BindingFlags invokeAttr, System.Reflection.Binder binder, System.Object[] parameters, System.Globalization.CultureInfo culture) [0x0006a] in <688f272cc27c4df98c503f9d1f1267d0>:0 
   --- End of inner exception stack trace ---
  at System.Reflection.RuntimeMethodInfo.Invoke (System.Object obj, System.Reflection.BindingFlags invokeAttr, System.Reflection.Binder binder, System.Object[] parameters, System.Globalization.CultureInfo culture) [0x00083] in <688f272cc27c4df98c503f9d1f1267d0>:0 
  at System.Reflection.MethodBase.Invoke (System.Object obj, System.Object[] parameters) [0x00000] in <688f272cc27c4df98c503f9d1f1267d0>:0 
  at UnityEditor.EditorAssemblies.ProcessInitializeOnLoadMethodAttributes () [0x000a5] in <1518627dacca44efa32edd45bc720c48>:0 
UnityEngine.StackTraceUtility:ExtractStackTrace ()
UnityEngine.DebugLogHandler:LogFormat (UnityEngine.LogType,UnityEngine.Object,string,object[])
UnityEngine.Logger:Log (UnityEngine.LogType,object)
UnityEngine.Debug:LogError (object)
UnityEditor.EditorAssemblies:ProcessInitializeOnLoadMethodAttributes ()

Mono: successfully reloaded assembly
- Completed reload, in  3.229 seconds
Domain Reload Profiling:
	ReloadAssembly (3230ms)
		BeginReloadAssembly (349ms)
			ExecutionOrderSort (0ms)
			DisableScriptedObjects (7ms)
			BackupInstance (0ms)
			ReleaseScriptingObjects (0ms)
			CreateAndSetChildDomain (60ms)
		EndReloadAssembly (2633ms)
			LoadAssemblies (326ms)
			RebuildTransferFunctionScriptingTraits (0ms)
			SetupTypeCache (493ms)
			ReleaseScriptCaches (2ms)
			RebuildScriptCaches (71ms)
			SetupLoadedEditorAssemblies (1703ms)
				LogAssemblyErrors (0ms)
				InitializePlatformSupportModulesInManaged (28ms)
				SetLoadedEditorAssemblies (1ms)
				RefreshPlugins (3ms)
				BeforeProcessingInitializeOnLoad (132ms)
				ProcessInitializeOnLoadAttributes (1416ms)
				ProcessInitializeOnLoadMethodAttributes (82ms)
				AfterProcessingInitializeOnLoad (42ms)
				EditorAssembliesLoaded (0ms)
			ExecutionOrderSort2 (0ms)
			AwakeInstancesAfterBackupRestoration (14ms)
Platform modules already initialized, skipping
Refreshing native plugins compatible for Editor in 1.39 ms, found 14 plugins.
Preloading 3 native plugins for Editor in 0.79 ms.
Unloading 4609 Unused Serialized files (Serialized files now loaded: 0)
Unloading 52 unused Assets / (23.0 KB). Loaded Objects now: 5199.
Memory consumption went from 187.5 MB to 187.4 MB.
Total: 5.401600 ms (FindLiveObjects: 0.437500 ms CreateObjectMapping: 0.304400 ms MarkObjects: 4.599300 ms  DeleteObjects: 0.059400 ms)

AssetImportParameters requested are different than current active one (requested -> active):
  custom:video-decoder-ogg-theora: a1e56fd34408186e4bbccfd4996cb3dc -> 
  custom:container-muxer-webm: aa71ff27fc2769a1b78a27578f13a17b -> 
  custom:container-demuxer-webm: 4f35f7cbe854078d1ac9338744f61a02 -> 
  custom:video-encoder-webm-vp8: eb34c28f22e8b96e1ab97ce403110664 -> 
  custom:video-codec-MediaFoundation-h265: 746d11721c4dcdbdad8f713fa42b33f4 -> 
  custom:CustomObjectIndexerAttribute: bc11b3a6c3213fcdd17b65e7da85e133 -> 
  custom:audio-encoder-webm-vorbis: bf7c407c2cedff20999df2af8eb42d56 -> 
  custom:framework-win-MediaFoundation: 216162199b28c13a410421893ffa2e32 -> 
  custom:SearchIndexIgnoredProperties: e643bd26f0fe6173181afceb89e7c659 -> 
  custom:container-demuxer-ogg: 62fdf1f143b41e24485cea50d1cbac27 -> 
  custom:video-decoder-webm-vp8: 9c59270c3fd7afecdb556c50c9e8de78 -> 
  custom:audio-decoder-ogg-vorbis: bf7c407c2cedff20999df2af8eb42d56 -> 
========================================================================
Received Prepare
Registering precompiled user dll's ...
Registered in 0.040817 seconds.
Begin MonoManager ReloadAssembly
Native extension for WindowsStandalone target not found
Native extension for Android target not found
Refreshing native plugins compatible for Editor in 1.45 ms, found 14 plugins.
Preloading 3 native plugins for Editor in 0.93 ms.
PXRLog [Build Check]RegisterBuildPlayerHandler,Already Do not show: False
UnityEngine.StackTraceUtility:ExtractStackTrace ()
UnityEngine.DebugLogHandler:LogFormat (UnityEngine.LogType,UnityEngine.Object,string,object[])
UnityEngine.Logger:Log (UnityEngine.LogType,object)
UnityEngine.Debug:Log (object)
Unity.XR.PXR.Editor.PXR_SDKBuildCheck:.cctor () (at PICO Unity Integration SDK-3.4.0-20260226/Editor/PXR_SDKBuildCheck.cs:31)
System.Runtime.CompilerServices.RuntimeHelpers:RunClassConstructor (System.RuntimeTypeHandle)
UnityEditor.EditorAssemblies:ProcessInitializeOnLoadAttributes (System.Type[])

(Filename: PICO Unity Integration SDK-3.4.0-20260226/Editor/PXR_SDKBuildCheck.cs Line: 31)

[Package Manager] Server::EnsureServerProcessIsRunning -- launch failed, reason: Unity was launched with the -noUpm command-line argument
[Package Manager] Cannot connect to Unity Package Manager local server
[Package Manager] Server::EnsureServerProcessIsRunning -- launch failed, reason: Unity was launched with the -noUpm command-line argument
[Package Manager] Cannot connect to Unity Package Manager local server
[Package Manager] Server::EnsureServerProcessIsRunning -- launch failed, reason: Unity was launched with the -noUpm command-line argument
[Package Manager] Cannot connect to Unity Package Manager local server
进程外导入时不支持 CreateSerializedAsset
UnityEngine.StackTraceUtility:ExtractStackTrace ()
Unity.XR.PXR.PXR_ProjectSetting:GetProjectConfig () (at PICO Unity Integration SDK-3.4.0-20260226/Runtime/Scripts/PXR_ProjectSetting.cs:125)
Unity.XR.PXR.Editor.PXR_SDKSettingEditor:InitializeOnLoad () (at PICO Unity Integration SDK-3.4.0-20260226/Editor/PXR_SDKSettingEditor.cs:146)
System.Reflection.RuntimeMethodInfo:Invoke (object,System.Reflection.BindingFlags,System.Reflection.Binder,object[],System.Globalization.CultureInfo)
System.Reflection.MethodBase:Invoke (object,object[])
UnityEditor.EditorAssemblies:ProcessInitializeOnLoadMethodAttributes ()

[PICO Unity Integration SDK-3.4.0-20260226/Runtime/Scripts/PXR_ProjectSetting.cs line 125]

System.Reflection.TargetInvocationException: Exception has been thrown by the target of an invocation. ---> UnityEngine.UnityException: Creating asset at path Assets/Resources/PXR_ProjectSetting.asset failed.
  at (wrapper managed-to-native) UnityEditor.AssetDatabase.CreateAsset(UnityEngine.Object,string)
  at Unity.XR.PXR.PXR_ProjectSetting.GetProjectConfig () [0x0016f] in E:\SixBox\RunnerGame\PICO Unity Integration SDK-3.4.0-20260226\Runtime\Scripts\PXR_ProjectSetting.cs:125 
  at Unity.XR.PXR.Editor.PXR_SDKSettingEditor.InitializeOnLoad () [0x00000] in E:\SixBox\RunnerGame\PICO Unity Integration SDK-3.4.0-20260226\Editor\PXR_SDKSettingEditor.cs:146 
  at (wrapper managed-to-native) System.Reflection.RuntimeMethodInfo.InternalInvoke(System.Reflection.RuntimeMethodInfo,object,object[],System.Exception&)
  at System.Reflection.RuntimeMethodInfo.Invoke (System.Object obj, System.Reflection.BindingFlags invokeAttr, System.Reflection.Binder binder, System.Object[] parameters, System.Globalization.CultureInfo culture) [0x0006a] in <688f272cc27c4df98c503f9d1f1267d0>:0 
   --- End of inner exception stack trace ---
  at System.Reflection.RuntimeMethodInfo.Invoke (System.Object obj, System.Reflection.BindingFlags invokeAttr, System.Reflection.Binder binder, System.Object[] parameters, System.Globalization.CultureInfo culture) [0x00083] in <688f272cc27c4df98c503f9d1f1267d0>:0 
  at System.Reflection.MethodBase.Invoke (System.Object obj, System.Object[] parameters) [0x00000] in <688f272cc27c4df98c503f9d1f1267d0>:0 
  at UnityEditor.EditorAssemblies.ProcessInitializeOnLoadMethodAttributes () [0x000a5] in <1518627dacca44efa32edd45bc720c48>:0 
UnityEngine.StackTraceUtility:ExtractStackTrace ()
UnityEngine.DebugLogHandler:LogFormat (UnityEngine.LogType,UnityEngine.Object,string,object[])
UnityEngine.Logger:Log (UnityEngine.LogType,object)
UnityEngine.Debug:LogError (object)
UnityEditor.EditorAssemblies:ProcessInitializeOnLoadMethodAttributes ()

Mono: successfully reloaded assembly
- Completed reload, in  3.316 seconds
Domain Reload Profiling:
	ReloadAssembly (3318ms)
		BeginReloadAssembly (377ms)
			ExecutionOrderSort (0ms)
			DisableScriptedObjects (6ms)
			BackupInstance (0ms)
			ReleaseScriptingObjects (0ms)
			CreateAndSetChildDomain (50ms)
		EndReloadAssembly (2693ms)
			LoadAssemblies (340ms)
			RebuildTransferFunctionScriptingTraits (0ms)
			SetupTypeCache (530ms)
			ReleaseScriptCaches (2ms)
			RebuildScriptCaches (72ms)
			SetupLoadedEditorAssemblies (1717ms)
				LogAssemblyErrors (0ms)
				InitializePlatformSupportModulesInManaged (28ms)
				SetLoadedEditorAssemblies (1ms)
				RefreshPlugins (3ms)
				BeforeProcessingInitializeOnLoad (134ms)
				ProcessInitializeOnLoadAttributes (1428ms)
				ProcessInitializeOnLoadMethodAttributes (75ms)
				AfterProcessingInitializeOnLoad (49ms)
				EditorAssembliesLoaded (0ms)
			ExecutionOrderSort2 (0ms)
			AwakeInstancesAfterBackupRestoration (13ms)
Platform modules already initialized, skipping
Refreshing native plugins compatible for Editor in 2.19 ms, found 14 plugins.
Preloading 3 native plugins for Editor in 1.25 ms.
Unloading 4609 Unused Serialized files (Serialized files now loaded: 0)
Unloading 52 unused Assets / (23.0 KB). Loaded Objects now: 5204.
Memory consumption went from 187.5 MB to 187.5 MB.
Total: 5.577400 ms (FindLiveObjects: 0.496700 ms CreateObjectMapping: 0.448400 ms MarkObjects: 4.581000 ms  DeleteObjects: 0.049700 ms)

AssetImportParameters requested are different than current active one (requested -> active):
  custom:video-decoder-ogg-theora: a1e56fd34408186e4bbccfd4996cb3dc -> 
  custom:container-muxer-webm: aa71ff27fc2769a1b78a27578f13a17b -> 
  custom:container-demuxer-webm: 4f35f7cbe854078d1ac9338744f61a02 -> 
  custom:video-encoder-webm-vp8: eb34c28f22e8b96e1ab97ce403110664 -> 
  custom:video-codec-MediaFoundation-h265: 746d11721c4dcdbdad8f713fa42b33f4 -> 
  custom:CustomObjectIndexerAttribute: bc11b3a6c3213fcdd17b65e7da85e133 -> 
  custom:audio-encoder-webm-vorbis: bf7c407c2cedff20999df2af8eb42d56 -> 
  custom:framework-win-MediaFoundation: 216162199b28c13a410421893ffa2e32 -> 
  custom:SearchIndexIgnoredProperties: e643bd26f0fe6173181afceb89e7c659 -> 
  custom:container-demuxer-ogg: 62fdf1f143b41e24485cea50d1cbac27 -> 
  custom:video-decoder-webm-vp8: 9c59270c3fd7afecdb556c50c9e8de78 -> 
  custom:audio-decoder-ogg-vorbis: bf7c407c2cedff20999df2af8eb42d56 -> 
========================================================================
Received Prepare
Registering precompiled user dll's ...
Registered in 0.036334 seconds.
Begin MonoManager ReloadAssembly
Native extension for WindowsStandalone target not found
Native extension for Android target not found
Refreshing native plugins compatible for Editor in 1.97 ms, found 14 plugins.
Preloading 3 native plugins for Editor in 0.99 ms.
PXRLog [Build Check]RegisterBuildPlayerHandler,Already Do not show: False
UnityEngine.StackTraceUtility:ExtractStackTrace ()
UnityEngine.DebugLogHandler:LogFormat (UnityEngine.LogType,UnityEngine.Object,string,object[])
UnityEngine.Logger:Log (UnityEngine.LogType,object)
UnityEngine.Debug:Log (object)
Unity.XR.PXR.Editor.PXR_SDKBuildCheck:.cctor () (at PICO Unity Integration SDK-3.4.0-20260226/Editor/PXR_SDKBuildCheck.cs:31)
System.Runtime.CompilerServices.RuntimeHelpers:RunClassConstructor (System.RuntimeTypeHandle)
UnityEditor.EditorAssemblies:ProcessInitializeOnLoadAttributes (System.Type[])

(Filename: PICO Unity Integration SDK-3.4.0-20260226/Editor/PXR_SDKBuildCheck.cs Line: 31)

[Package Manager] Server::EnsureServerProcessIsRunning -- launch failed, reason: Unity was launched with the -noUpm command-line argument
[Package Manager] Cannot connect to Unity Package Manager local server
[Package Manager] Server::EnsureServerProcessIsRunning -- launch failed, reason: Unity was launched with the -noUpm command-line argument
[Package Manager] Cannot connect to Unity Package Manager local server
[Package Manager] Server::EnsureServerProcessIsRunning -- launch failed, reason: Unity was launched with the -noUpm command-line argument
[Package Manager] Cannot connect to Unity Package Manager local server
进程外导入时不支持 CreateSerializedAsset
UnityEngine.StackTraceUtility:ExtractStackTrace ()
Unity.XR.PXR.PXR_ProjectSetting:GetProjectConfig () (at PICO Unity Integration SDK-3.4.0-20260226/Runtime/Scripts/PXR_ProjectSetting.cs:125)
Unity.XR.PXR.Editor.PXR_SDKSettingEditor:InitializeOnLoad () (at PICO Unity Integration SDK-3.4.0-20260226/Editor/PXR_SDKSettingEditor.cs:146)
System.Reflection.RuntimeMethodInfo:Invoke (object,System.Reflection.BindingFlags,System.Reflection.Binder,object[],System.Globalization.CultureInfo)
System.Reflection.MethodBase:Invoke (object,object[])
UnityEditor.EditorAssemblies:ProcessInitializeOnLoadMethodAttributes ()

[PICO Unity Integration SDK-3.4.0-20260226/Runtime/Scripts/PXR_ProjectSetting.cs line 125]

System.Reflection.TargetInvocationException: Exception has been thrown by the target of an invocation. ---> UnityEngine.UnityException: Creating asset at path Assets/Resources/PXR_ProjectSetting.asset failed.
  at (wrapper managed-to-native) UnityEditor.AssetDatabase.CreateAsset(UnityEngine.Object,string)
  at Unity.XR.PXR.PXR_ProjectSetting.GetProjectConfig () [0x0016f] in E:\SixBox\RunnerGame\PICO Unity Integration SDK-3.4.0-20260226\Runtime\Scripts\PXR_ProjectSetting.cs:125 
  at Unity.XR.PXR.Editor.PXR_SDKSettingEditor.InitializeOnLoad () [0x00000] in E:\SixBox\RunnerGame\PICO Unity Integration SDK-3.4.0-20260226\Editor\PXR_SDKSettingEditor.cs:146 
  at (wrapper managed-to-native) System.Reflection.RuntimeMethodInfo.InternalInvoke(System.Reflection.RuntimeMethodInfo,object,object[],System.Exception&)
  at System.Reflection.RuntimeMethodInfo.Invoke (System.Object obj, System.Reflection.BindingFlags invokeAttr, System.Reflection.Binder binder, System.Object[] parameters, System.Globalization.CultureInfo culture) [0x0006a] in <688f272cc27c4df98c503f9d1f1267d0>:0 
   --- End of inner exception stack trace ---
  at System.Reflection.RuntimeMethodInfo.Invoke (System.Object obj, System.Reflection.BindingFlags invokeAttr, System.Reflection.Binder binder, System.Object[] parameters, System.Globalization.CultureInfo culture) [0x00083] in <688f272cc27c4df98c503f9d1f1267d0>:0 
  at System.Reflection.MethodBase.Invoke (System.Object obj, System.Object[] parameters) [0x00000] in <688f272cc27c4df98c503f9d1f1267d0>:0 
  at UnityEditor.EditorAssemblies.ProcessInitializeOnLoadMethodAttributes () [0x000a5] in <1518627dacca44efa32edd45bc720c48>:0 
UnityEngine.StackTraceUtility:ExtractStackTrace ()
UnityEngine.DebugLogHandler:LogFormat (UnityEngine.LogType,UnityEngine.Object,string,object[])
UnityEngine.Logger:Log (UnityEngine.LogType,object)
UnityEngine.Debug:LogError (object)
UnityEditor.EditorAssemblies:ProcessInitializeOnLoadMethodAttributes ()

Mono: successfully reloaded assembly
- Completed reload, in  3.251 seconds
Domain Reload Profiling:
	ReloadAssembly (3253ms)
		BeginReloadAssembly (372ms)
			ExecutionOrderSort (0ms)
			DisableScriptedObjects (6ms)
			BackupInstance (0ms)
			ReleaseScriptingObjects (0ms)
			CreateAndSetChildDomain (58ms)
		EndReloadAssembly (2643ms)
			LoadAssemblies (324ms)
			RebuildTransferFunctionScriptingTraits (0ms)
			SetupTypeCache (508ms)
			ReleaseScriptCaches (2ms)
			RebuildScriptCaches (67ms)
			SetupLoadedEditorAssemblies (1720ms)
				LogAssemblyErrors (0ms)
				InitializePlatformSupportModulesInManaged (30ms)
				SetLoadedEditorAssemblies (1ms)
				RefreshPlugins (3ms)
				BeforeProcessingInitializeOnLoad (139ms)
				ProcessInitializeOnLoadAttributes (1432ms)
				ProcessInitializeOnLoadMethodAttributes (66ms)
				AfterProcessingInitializeOnLoad (48ms)
				EditorAssembliesLoaded (1ms)
			ExecutionOrderSort2 (0ms)
			AwakeInstancesAfterBackupRestoration (12ms)
Platform modules already initialized, skipping
Refreshing native plugins compatible for Editor in 3.01 ms, found 14 plugins.
Preloading 3 native plugins for Editor in 1.55 ms.
Unloading 4609 Unused Serialized files (Serialized files now loaded: 0)
Unloading 52 unused Assets / (23.0 KB). Loaded Objects now: 5209.
Memory consumption went from 187.5 MB to 187.5 MB.
Total: 5.955900 ms (FindLiveObjects: 0.485300 ms CreateObjectMapping: 0.380200 ms MarkObjects: 5.035800 ms  DeleteObjects: 0.053200 ms)

AssetImportParameters requested are different than current active one (requested -> active):
  custom:video-decoder-ogg-theora: a1e56fd34408186e4bbccfd4996cb3dc -> 
  custom:container-muxer-webm: aa71ff27fc2769a1b78a27578f13a17b -> 
  custom:container-demuxer-webm: 4f35f7cbe854078d1ac9338744f61a02 -> 
  custom:video-encoder-webm-vp8: eb34c28f22e8b96e1ab97ce403110664 -> 
  custom:video-codec-MediaFoundation-h265: 746d11721c4dcdbdad8f713fa42b33f4 -> 
  custom:CustomObjectIndexerAttribute: bc11b3a6c3213fcdd17b65e7da85e133 -> 
  custom:audio-encoder-webm-vorbis: bf7c407c2cedff20999df2af8eb42d56 -> 
  custom:framework-win-MediaFoundation: 216162199b28c13a410421893ffa2e32 -> 
  custom:SearchIndexIgnoredProperties: e643bd26f0fe6173181afceb89e7c659 -> 
  custom:container-demuxer-ogg: 62fdf1f143b41e24485cea50d1cbac27 -> 
  custom:video-decoder-webm-vp8: 9c59270c3fd7afecdb556c50c9e8de78 -> 
  custom:audio-decoder-ogg-vorbis: bf7c407c2cedff20999df2af8eb42d56 -> 
========================================================================
Received Prepare
Registering precompiled user dll's ...
Registered in 0.039797 seconds.
Begin MonoManager ReloadAssembly
Native extension for WindowsStandalone target not found
Native extension for Android target not found
Refreshing native plugins compatible for Editor in 1.49 ms, found 14 plugins.
Preloading 3 native plugins for Editor in 1.00 ms.
PXRLog [Build Check]RegisterBuildPlayerHandler,Already Do not show: False
UnityEngine.StackTraceUtility:ExtractStackTrace ()
UnityEngine.DebugLogHandler:LogFormat (UnityEngine.LogType,UnityEngine.Object,string,object[])
UnityEngine.Logger:Log (UnityEngine.LogType,object)
UnityEngine.Debug:Log (object)
Unity.XR.PXR.Editor.PXR_SDKBuildCheck:.cctor () (at PICO Unity Integration SDK-3.4.0-20260226/Editor/PXR_SDKBuildCheck.cs:31)
System.Runtime.CompilerServices.RuntimeHelpers:RunClassConstructor (System.RuntimeTypeHandle)
UnityEditor.EditorAssemblies:ProcessInitializeOnLoadAttributes (System.Type[])

(Filename: PICO Unity Integration SDK-3.4.0-20260226/Editor/PXR_SDKBuildCheck.cs Line: 31)

[Package Manager] Server::EnsureServerProcessIsRunning -- launch failed, reason: Unity was launched with the -noUpm command-line argument
[Package Manager] Cannot connect to Unity Package Manager local server
[Package Manager] Server::EnsureServerProcessIsRunning -- launch failed, reason: Unity was launched with the -noUpm command-line argument
[Package Manager] Cannot connect to Unity Package Manager local server
[Package Manager] Server::EnsureServerProcessIsRunning -- launch failed, reason: Unity was launched with the -noUpm command-line argument
[Package Manager] Cannot connect to Unity Package Manager local server
进程外导入时不支持 CreateSerializedAsset
UnityEngine.StackTraceUtility:ExtractStackTrace ()
Unity.XR.PXR.PXR_ProjectSetting:GetProjectConfig () (at PICO Unity Integration SDK-3.4.0-20260226/Runtime/Scripts/PXR_ProjectSetting.cs:125)
Unity.XR.PXR.Editor.PXR_SDKSettingEditor:InitializeOnLoad () (at PICO Unity Integration SDK-3.4.0-20260226/Editor/PXR_SDKSettingEditor.cs:146)
System.Reflection.RuntimeMethodInfo:Invoke (object,System.Reflection.BindingFlags,System.Reflection.Binder,object[],System.Globalization.CultureInfo)
System.Reflection.MethodBase:Invoke (object,object[])
UnityEditor.EditorAssemblies:ProcessInitializeOnLoadMethodAttributes ()

[PICO Unity Integration SDK-3.4.0-20260226/Runtime/Scripts/PXR_ProjectSetting.cs line 125]

System.Reflection.TargetInvocationException: Exception has been thrown by the target of an invocation. ---> UnityEngine.UnityException: Creating asset at path Assets/Resources/PXR_ProjectSetting.asset failed.
  at (wrapper managed-to-native) UnityEditor.AssetDatabase.CreateAsset(UnityEngine.Object,string)
  at Unity.XR.PXR.PXR_ProjectSetting.GetProjectConfig () [0x0016f] in E:\SixBox\RunnerGame\PICO Unity Integration SDK-3.4.0-20260226\Runtime\Scripts\PXR_ProjectSetting.cs:125 
  at Unity.XR.PXR.Editor.PXR_SDKSettingEditor.InitializeOnLoad () [0x00000] in E:\SixBox\RunnerGame\PICO Unity Integration SDK-3.4.0-20260226\Editor\PXR_SDKSettingEditor.cs:146 
  at (wrapper managed-to-native) System.Reflection.RuntimeMethodInfo.InternalInvoke(System.Reflection.RuntimeMethodInfo,object,object[],System.Exception&)
  at System.Reflection.RuntimeMethodInfo.Invoke (System.Object obj, System.Reflection.BindingFlags invokeAttr, System.Reflection.Binder binder, System.Object[] parameters, System.Globalization.CultureInfo culture) [0x0006a] in <688f272cc27c4df98c503f9d1f1267d0>:0 
   --- End of inner exception stack trace ---
  at System.Reflection.RuntimeMethodInfo.Invoke (System.Object obj, System.Reflection.BindingFlags invokeAttr, System.Reflection.Binder binder, System.Object[] parameters, System.Globalization.CultureInfo culture) [0x00083] in <688f272cc27c4df98c503f9d1f1267d0>:0 
  at System.Reflection.MethodBase.Invoke (System.Object obj, System.Object[] parameters) [0x00000] in <688f272cc27c4df98c503f9d1f1267d0>:0 
  at UnityEditor.EditorAssemblies.ProcessInitializeOnLoadMethodAttributes () [0x000a5] in <1518627dacca44efa32edd45bc720c48>:0 
UnityEngine.StackTraceUtility:ExtractStackTrace ()
UnityEngine.DebugLogHandler:LogFormat (UnityEngine.LogType,UnityEngine.Object,string,object[])
UnityEngine.Logger:Log (UnityEngine.LogType,object)
UnityEngine.Debug:LogError (object)
UnityEditor.EditorAssemblies:ProcessInitializeOnLoadMethodAttributes ()

Mono: successfully reloaded assembly
- Completed reload, in  3.308 seconds
Domain Reload Profiling:
	ReloadAssembly (3309ms)
		BeginReloadAssembly (397ms)
			ExecutionOrderSort (0ms)
			DisableScriptedObjects (6ms)
			BackupInstance (0ms)
			ReleaseScriptingObjects (0ms)
			CreateAndSetChildDomain (56ms)
		EndReloadAssembly (2660ms)
			LoadAssemblies (354ms)
			RebuildTransferFunctionScriptingTraits (0ms)
			SetupTypeCache (527ms)
			ReleaseScriptCaches (2ms)
			RebuildScriptCaches (77ms)
			SetupLoadedEditorAssemblies (1693ms)
				LogAssemblyErrors (0ms)
				InitializePlatformSupportModulesInManaged (29ms)
				SetLoadedEditorAssemblies (1ms)
				RefreshPlugins (3ms)
				BeforeProcessingInitializeOnLoad (132ms)
				ProcessInitializeOnLoadAttributes (1413ms)
				ProcessInitializeOnLoadMethodAttributes (66ms)
				AfterProcessingInitializeOnLoad (48ms)
				EditorAssembliesLoaded (0ms)
			ExecutionOrderSort2 (0ms)
			AwakeInstancesAfterBackupRestoration (12ms)
Platform modules already initialized, skipping
Refreshing native plugins compatible for Editor in 1.84 ms, found 14 plugins.
Preloading 3 native plugins for Editor in 1.18 ms.
Unloading 4609 Unused Serialized files (Serialized files now loaded: 0)
Unloading 52 unused Assets / (23.0 KB). Loaded Objects now: 5214.
Memory consumption went from 187.5 MB to 187.5 MB.
Total: 6.129500 ms (FindLiveObjects: 0.435700 ms CreateObjectMapping: 0.425100 ms MarkObjects: 5.211900 ms  DeleteObjects: 0.055600 ms)

AssetImportParameters requested are different than current active one (requested -> active):
  custom:video-decoder-ogg-theora: a1e56fd34408186e4bbccfd4996cb3dc -> 
  custom:container-muxer-webm: aa71ff27fc2769a1b78a27578f13a17b -> 
  custom:container-demuxer-webm: 4f35f7cbe854078d1ac9338744f61a02 -> 
  custom:video-encoder-webm-vp8: eb34c28f22e8b96e1ab97ce403110664 -> 
  custom:video-codec-MediaFoundation-h265: 746d11721c4dcdbdad8f713fa42b33f4 -> 
  custom:CustomObjectIndexerAttribute: bc11b3a6c3213fcdd17b65e7da85e133 -> 
  custom:audio-encoder-webm-vorbis: bf7c407c2cedff20999df2af8eb42d56 -> 
  custom:framework-win-MediaFoundation: 216162199b28c13a410421893ffa2e32 -> 
  custom:SearchIndexIgnoredProperties: e643bd26f0fe6173181afceb89e7c659 -> 
  custom:container-demuxer-ogg: 62fdf1f143b41e24485cea50d1cbac27 -> 
  custom:video-decoder-webm-vp8: 9c59270c3fd7afecdb556c50c9e8de78 -> 
  custom:audio-decoder-ogg-vorbis: bf7c407c2cedff20999df2af8eb42d56 -> 
========================================================================
Received Prepare
Registering precompiled user dll's ...
Registered in 0.044916 seconds.
Begin MonoManager ReloadAssembly
Native extension for WindowsStandalone target not found
Native extension for Android target not found
Refreshing native plugins compatible for Editor in 2.02 ms, found 14 plugins.
Preloading 3 native plugins for Editor in 1.52 ms.
PXRLog [Build Check]RegisterBuildPlayerHandler,Already Do not show: False
UnityEngine.StackTraceUtility:ExtractStackTrace ()
UnityEngine.DebugLogHandler:LogFormat (UnityEngine.LogType,UnityEngine.Object,string,object[])
UnityEngine.Logger:Log (UnityEngine.LogType,object)
UnityEngine.Debug:Log (object)
Unity.XR.PXR.Editor.PXR_SDKBuildCheck:.cctor () (at PICO Unity Integration SDK-3.4.0-20260226/Editor/PXR_SDKBuildCheck.cs:31)
System.Runtime.CompilerServices.RuntimeHelpers:RunClassConstructor (System.RuntimeTypeHandle)
UnityEditor.EditorAssemblies:ProcessInitializeOnLoadAttributes (System.Type[])

(Filename: PICO Unity Integration SDK-3.4.0-20260226/Editor/PXR_SDKBuildCheck.cs Line: 31)

[Package Manager] Server::EnsureServerProcessIsRunning -- launch failed, reason: Unity was launched with the -noUpm command-line argument
[Package Manager] Cannot connect to Unity Package Manager local server
[Package Manager] Server::EnsureServerProcessIsRunning -- launch failed, reason: Unity was launched with the -noUpm command-line argument
[Package Manager] Cannot connect to Unity Package Manager local server
[Package Manager] Server::EnsureServerProcessIsRunning -- launch failed, reason: Unity was launched with the -noUpm command-line argument
[Package Manager] Cannot connect to Unity Package Manager local server
进程外导入时不支持 CreateSerializedAsset
UnityEngine.StackTraceUtility:ExtractStackTrace ()
Unity.XR.PXR.PXR_ProjectSetting:GetProjectConfig () (at PICO Unity Integration SDK-3.4.0-20260226/Runtime/Scripts/PXR_ProjectSetting.cs:125)
Unity.XR.PXR.Editor.PXR_SDKSettingEditor:InitializeOnLoad () (at PICO Unity Integration SDK-3.4.0-20260226/Editor/PXR_SDKSettingEditor.cs:146)
System.Reflection.RuntimeMethodInfo:Invoke (object,System.Reflection.BindingFlags,System.Reflection.Binder,object[],System.Globalization.CultureInfo)
System.Reflection.MethodBase:Invoke (object,object[])
UnityEditor.EditorAssemblies:ProcessInitializeOnLoadMethodAttributes ()

[PICO Unity Integration SDK-3.4.0-20260226/Runtime/Scripts/PXR_ProjectSetting.cs line 125]

System.Reflection.TargetInvocationException: Exception has been thrown by the target of an invocation. ---> UnityEngine.UnityException: Creating asset at path Assets/Resources/PXR_ProjectSetting.asset failed.
  at (wrapper managed-to-native) UnityEditor.AssetDatabase.CreateAsset(UnityEngine.Object,string)
  at Unity.XR.PXR.PXR_ProjectSetting.GetProjectConfig () [0x0016f] in E:\SixBox\RunnerGame\PICO Unity Integration SDK-3.4.0-20260226\Runtime\Scripts\PXR_ProjectSetting.cs:125 
  at Unity.XR.PXR.Editor.PXR_SDKSettingEditor.InitializeOnLoad () [0x00000] in E:\SixBox\RunnerGame\PICO Unity Integration SDK-3.4.0-20260226\Editor\PXR_SDKSettingEditor.cs:146 
  at (wrapper managed-to-native) System.Reflection.RuntimeMethodInfo.InternalInvoke(System.Reflection.RuntimeMethodInfo,object,object[],System.Exception&)
  at System.Reflection.RuntimeMethodInfo.Invoke (System.Object obj, System.Reflection.BindingFlags invokeAttr, System.Reflection.Binder binder, System.Object[] parameters, System.Globalization.CultureInfo culture) [0x0006a] in <688f272cc27c4df98c503f9d1f1267d0>:0 
   --- End of inner exception stack trace ---
  at System.Reflection.RuntimeMethodInfo.Invoke (System.Object obj, System.Reflection.BindingFlags invokeAttr, System.Reflection.Binder binder, System.Object[] parameters, System.Globalization.CultureInfo culture) [0x00083] in <688f272cc27c4df98c503f9d1f1267d0>:0 
  at System.Reflection.MethodBase.Invoke (System.Object obj, System.Object[] parameters) [0x00000] in <688f272cc27c4df98c503f9d1f1267d0>:0 
  at UnityEditor.EditorAssemblies.ProcessInitializeOnLoadMethodAttributes () [0x000a5] in <1518627dacca44efa32edd45bc720c48>:0 
UnityEngine.StackTraceUtility:ExtractStackTrace ()
UnityEngine.DebugLogHandler:LogFormat (UnityEngine.LogType,UnityEngine.Object,string,object[])
UnityEngine.Logger:Log (UnityEngine.LogType,object)
UnityEngine.Debug:LogError (object)
UnityEditor.EditorAssemblies:ProcessInitializeOnLoadMethodAttributes ()

Mono: successfully reloaded assembly
- Completed reload, in  3.386 seconds
Domain Reload Profiling:
	ReloadAssembly (3387ms)
		BeginReloadAssembly (404ms)
			ExecutionOrderSort (0ms)
			DisableScriptedObjects (9ms)
			BackupInstance (0ms)
			ReleaseScriptingObjects (0ms)
			CreateAndSetChildDomain (69ms)
		EndReloadAssembly (2746ms)
			LoadAssemblies (356ms)
			RebuildTransferFunctionScriptingTraits (0ms)
			SetupTypeCache (566ms)
			ReleaseScriptCaches (3ms)
			RebuildScriptCaches (90ms)
			SetupLoadedEditorAssemblies (1710ms)
				LogAssemblyErrors (0ms)
				InitializePlatformSupportModulesInManaged (29ms)
				SetLoadedEditorAssemblies (1ms)
				RefreshPlugins (4ms)
				BeforeProcessingInitializeOnLoad (127ms)
				ProcessInitializeOnLoadAttributes (1425ms)
				ProcessInitializeOnLoadMethodAttributes (76ms)
				AfterProcessingInitializeOnLoad (48ms)
				EditorAssembliesLoaded (0ms)
			ExecutionOrderSort2 (0ms)
			AwakeInstancesAfterBackupRestoration (11ms)
Platform modules already initialized, skipping
Refreshing native plugins compatible for Editor in 2.46 ms, found 14 plugins.
Preloading 3 native plugins for Editor in 1.37 ms.
Unloading 4609 Unused Serialized files (Serialized files now loaded: 0)
Unloading 52 unused Assets / (23.0 KB). Loaded Objects now: 5219.
Memory consumption went from 187.5 MB to 187.5 MB.
Total: 6.191600 ms (FindLiveObjects: 0.485900 ms CreateObjectMapping: 0.523000 ms MarkObjects: 5.086800 ms  DeleteObjects: 0.093700 ms)

AssetImportParameters requested are different than current active one (requested -> active):
  custom:video-decoder-ogg-theora: a1e56fd34408186e4bbccfd4996cb3dc -> 
  custom:container-muxer-webm: aa71ff27fc2769a1b78a27578f13a17b -> 
  custom:container-demuxer-webm: 4f35f7cbe854078d1ac9338744f61a02 -> 
  custom:video-encoder-webm-vp8: eb34c28f22e8b96e1ab97ce403110664 -> 
  custom:video-codec-MediaFoundation-h265: 746d11721c4dcdbdad8f713fa42b33f4 -> 
  custom:CustomObjectIndexerAttribute: bc11b3a6c3213fcdd17b65e7da85e133 -> 
  custom:audio-encoder-webm-vorbis: bf7c407c2cedff20999df2af8eb42d56 -> 
  custom:framework-win-MediaFoundation: 216162199b28c13a410421893ffa2e32 -> 
  custom:SearchIndexIgnoredProperties: e643bd26f0fe6173181afceb89e7c659 -> 
  custom:container-demuxer-ogg: 62fdf1f143b41e24485cea50d1cbac27 -> 
  custom:video-decoder-webm-vp8: 9c59270c3fd7afecdb556c50c9e8de78 -> 
  custom:audio-decoder-ogg-vorbis: bf7c407c2cedff20999df2af8eb42d56 -> 
========================================================================
Received Import Request.
  Time since last request: 1383.015815 seconds.
  path: Assets/Scenes/level1.unity
  artifactKey: Guid(9fc0d4010bbf28b4594072e72b8655ab) Importer(815301076,1909f56bfc062723c751e8b465ee728b)
Number of updated assets reloaded before import = 0
Start importing Assets/Scenes/level1.unity using Guid(9fc0d4010bbf28b4594072e72b8655ab) Importer(815301076,1909f56bfc062723c751e8b465ee728b)  -> (artifact id: 'b25502d0730f317bb198c22dceb52224') in 0.026486 seconds 
Number of asset objects unloaded after import = 0
========================================================================
Received Prepare
Registering precompiled user dll's ...
Registered in 0.038791 seconds.
Begin MonoManager ReloadAssembly
Native extension for WindowsStandalone target not found
Native extension for Android target not found
Refreshing native plugins compatible for Editor in 1.93 ms, found 14 plugins.
Preloading 3 native plugins for Editor in 0.91 ms.
PXRLog [Build Check]RegisterBuildPlayerHandler,Already Do not show: False
UnityEngine.StackTraceUtility:ExtractStackTrace ()
UnityEngine.DebugLogHandler:LogFormat (UnityEngine.LogType,UnityEngine.Object,string,object[])
UnityEngine.Logger:Log (UnityEngine.LogType,object)
UnityEngine.Debug:Log (object)
Unity.XR.PXR.Editor.PXR_SDKBuildCheck:.cctor () (at PICO Unity Integration SDK-3.4.0-20260226/Editor/PXR_SDKBuildCheck.cs:31)
System.Runtime.CompilerServices.RuntimeHelpers:RunClassConstructor (System.RuntimeTypeHandle)
UnityEditor.EditorAssemblies:ProcessInitializeOnLoadAttributes (System.Type[])

(Filename: PICO Unity Integration SDK-3.4.0-20260226/Editor/PXR_SDKBuildCheck.cs Line: 31)

[Package Manager] Server::EnsureServerProcessIsRunning -- launch failed, reason: Unity was launched with the -noUpm command-line argument
[Package Manager] Cannot connect to Unity Package Manager local server
[Package Manager] Server::EnsureServerProcessIsRunning -- launch failed, reason: Unity was launched with the -noUpm command-line argument
[Package Manager] Cannot connect to Unity Package Manager local server
[Package Manager] Server::EnsureServerProcessIsRunning -- launch failed, reason: Unity was launched with the -noUpm command-line argument
[Package Manager] Cannot connect to Unity Package Manager local server
进程外导入时不支持 CreateSerializedAsset
UnityEngine.StackTraceUtility:ExtractStackTrace ()
Unity.XR.PXR.PXR_ProjectSetting:GetProjectConfig () (at PICO Unity Integration SDK-3.4.0-20260226/Runtime/Scripts/PXR_ProjectSetting.cs:125)
Unity.XR.PXR.Editor.PXR_SDKSettingEditor:InitializeOnLoad () (at PICO Unity Integration SDK-3.4.0-20260226/Editor/PXR_SDKSettingEditor.cs:146)
System.Reflection.RuntimeMethodInfo:Invoke (object,System.Reflection.BindingFlags,System.Reflection.Binder,object[],System.Globalization.CultureInfo)
System.Reflection.MethodBase:Invoke (object,object[])
UnityEditor.EditorAssemblies:ProcessInitializeOnLoadMethodAttributes ()

[PICO Unity Integration SDK-3.4.0-20260226/Runtime/Scripts/PXR_ProjectSetting.cs line 125]

System.Reflection.TargetInvocationException: Exception has been thrown by the target of an invocation. ---> UnityEngine.UnityException: Creating asset at path Assets/Resources/PXR_ProjectSetting.asset failed.
  at (wrapper managed-to-native) UnityEditor.AssetDatabase.CreateAsset(UnityEngine.Object,string)
  at Unity.XR.PXR.PXR_ProjectSetting.GetProjectConfig () [0x0016f] in E:\SixBox\RunnerGame\PICO Unity Integration SDK-3.4.0-20260226\Runtime\Scripts\PXR_ProjectSetting.cs:125 
  at Unity.XR.PXR.Editor.PXR_SDKSettingEditor.InitializeOnLoad () [0x00000] in E:\SixBox\RunnerGame\PICO Unity Integration SDK-3.4.0-20260226\Editor\PXR_SDKSettingEditor.cs:146 
  at (wrapper managed-to-native) System.Reflection.RuntimeMethodInfo.InternalInvoke(System.Reflection.RuntimeMethodInfo,object,object[],System.Exception&)
  at System.Reflection.RuntimeMethodInfo.Invoke (System.Object obj, System.Reflection.BindingFlags invokeAttr, System.Reflection.Binder binder, System.Object[] parameters, System.Globalization.CultureInfo culture) [0x0006a] in <688f272cc27c4df98c503f9d1f1267d0>:0 
   --- End of inner exception stack trace ---
  at System.Reflection.RuntimeMethodInfo.Invoke (System.Object obj, System.Reflection.BindingFlags invokeAttr, System.Reflection.Binder binder, System.Object[] parameters, System.Globalization.CultureInfo culture) [0x00083] in <688f272cc27c4df98c503f9d1f1267d0>:0 
  at System.Reflection.MethodBase.Invoke (System.Object obj, System.Object[] parameters) [0x00000] in <688f272cc27c4df98c503f9d1f1267d0>:0 
  at UnityEditor.EditorAssemblies.ProcessInitializeOnLoadMethodAttributes () [0x000a5] in <1518627dacca44efa32edd45bc720c48>:0 
UnityEngine.StackTraceUtility:ExtractStackTrace ()
UnityEngine.DebugLogHandler:LogFormat (UnityEngine.LogType,UnityEngine.Object,string,object[])
UnityEngine.Logger:Log (UnityEngine.LogType,object)
UnityEngine.Debug:LogError (object)
UnityEditor.EditorAssemblies:ProcessInitializeOnLoadMethodAttributes ()

Mono: successfully reloaded assembly
- Completed reload, in  3.109 seconds
Domain Reload Profiling:
	ReloadAssembly (3110ms)
		BeginReloadAssembly (391ms)
			ExecutionOrderSort (0ms)
			DisableScriptedObjects (7ms)
			BackupInstance (0ms)
			ReleaseScriptingObjects (0ms)
			CreateAndSetChildDomain (51ms)
		EndReloadAssembly (2462ms)
			LoadAssemblies (364ms)
			RebuildTransferFunctionScriptingTraits (0ms)
			SetupTypeCache (523ms)
			ReleaseScriptCaches (2ms)
			RebuildScriptCaches (69ms)
			SetupLoadedEditorAssemblies (1548ms)
				LogAssemblyErrors (0ms)
				InitializePlatformSupportModulesInManaged (29ms)
				SetLoadedEditorAssemblies (1ms)
				RefreshPlugins (3ms)
				BeforeProcessingInitializeOnLoad (135ms)
				ProcessInitializeOnLoadAttributes (1284ms)
				ProcessInitializeOnLoadMethodAttributes (55ms)
				AfterProcessingInitializeOnLoad (41ms)
				EditorAssembliesLoaded (0ms)
			ExecutionOrderSort2 (0ms)
			AwakeInstancesAfterBackupRestoration (9ms)
Platform modules already initialized, skipping
Refreshing native plugins compatible for Editor in 1.59 ms, found 14 plugins.
Preloading 3 native plugins for Editor in 0.86 ms.
Unloading 4609 Unused Serialized files (Serialized files now loaded: 0)
Unloading 52 unused Assets / (22.9 KB). Loaded Objects now: 5224.
Memory consumption went from 187.5 MB to 187.5 MB.
Total: 5.587000 ms (FindLiveObjects: 0.562500 ms CreateObjectMapping: 0.394100 ms MarkObjects: 4.564700 ms  DeleteObjects: 0.063700 ms)

AssetImportParameters requested are different than current active one (requested -> active):
  custom:video-decoder-ogg-theora: a1e56fd34408186e4bbccfd4996cb3dc -> 
  custom:container-muxer-webm: aa71ff27fc2769a1b78a27578f13a17b -> 
  custom:container-demuxer-webm: 4f35f7cbe854078d1ac9338744f61a02 -> 
  custom:video-encoder-webm-vp8: eb34c28f22e8b96e1ab97ce403110664 -> 
  custom:video-codec-MediaFoundation-h265: 746d11721c4dcdbdad8f713fa42b33f4 -> 
  custom:CustomObjectIndexerAttribute: bc11b3a6c3213fcdd17b65e7da85e133 -> 
  custom:audio-encoder-webm-vorbis: bf7c407c2cedff20999df2af8eb42d56 -> 
  custom:framework-win-MediaFoundation: 216162199b28c13a410421893ffa2e32 -> 
  custom:SearchIndexIgnoredProperties: e643bd26f0fe6173181afceb89e7c659 -> 
  custom:container-demuxer-ogg: 62fdf1f143b41e24485cea50d1cbac27 -> 
  custom:video-decoder-webm-vp8: 9c59270c3fd7afecdb556c50c9e8de78 -> 
  custom:audio-decoder-ogg-vorbis: bf7c407c2cedff20999df2af8eb42d56 -> 
========================================================================
Received Prepare
Registering precompiled user dll's ...
Registered in 0.043473 seconds.
Begin MonoManager ReloadAssembly
Native extension for WindowsStandalone target not found
Native extension for Android target not found
Refreshing native plugins compatible for Editor in 1.89 ms, found 14 plugins.
Preloading 3 native plugins for Editor in 1.26 ms.
PXRLog [Build Check]RegisterBuildPlayerHandler,Already Do not show: False
UnityEngine.StackTraceUtility:ExtractStackTrace ()
UnityEngine.DebugLogHandler:LogFormat (UnityEngine.LogType,UnityEngine.Object,string,object[])
UnityEngine.Logger:Log (UnityEngine.LogType,object)
UnityEngine.Debug:Log (object)
Unity.XR.PXR.Editor.PXR_SDKBuildCheck:.cctor () (at PICO Unity Integration SDK-3.4.0-20260226/Editor/PXR_SDKBuildCheck.cs:31)
System.Runtime.CompilerServices.RuntimeHelpers:RunClassConstructor (System.RuntimeTypeHandle)
UnityEditor.EditorAssemblies:ProcessInitializeOnLoadAttributes (System.Type[])

(Filename: PICO Unity Integration SDK-3.4.0-20260226/Editor/PXR_SDKBuildCheck.cs Line: 31)

[Package Manager] Server::EnsureServerProcessIsRunning -- launch failed, reason: Unity was launched with the -noUpm command-line argument
[Package Manager] Cannot connect to Unity Package Manager local server
[Package Manager] Server::EnsureServerProcessIsRunning -- launch failed, reason: Unity was launched with the -noUpm command-line argument
[Package Manager] Cannot connect to Unity Package Manager local server
[Package Manager] Server::EnsureServerProcessIsRunning -- launch failed, reason: Unity was launched with the -noUpm command-line argument
[Package Manager] Cannot connect to Unity Package Manager local server
进程外导入时不支持 CreateSerializedAsset
UnityEngine.StackTraceUtility:ExtractStackTrace ()
Unity.XR.PXR.PXR_ProjectSetting:GetProjectConfig () (at PICO Unity Integration SDK-3.4.0-20260226/Runtime/Scripts/PXR_ProjectSetting.cs:125)
Unity.XR.PXR.Editor.PXR_SDKSettingEditor:InitializeOnLoad () (at PICO Unity Integration SDK-3.4.0-20260226/Editor/PXR_SDKSettingEditor.cs:146)
System.Reflection.RuntimeMethodInfo:Invoke (object,System.Reflection.BindingFlags,System.Reflection.Binder,object[],System.Globalization.CultureInfo)
System.Reflection.MethodBase:Invoke (object,object[])
UnityEditor.EditorAssemblies:ProcessInitializeOnLoadMethodAttributes ()

[PICO Unity Integration SDK-3.4.0-20260226/Runtime/Scripts/PXR_ProjectSetting.cs line 125]

System.Reflection.TargetInvocationException: Exception has been thrown by the target of an invocation. ---> UnityEngine.UnityException: Creating asset at path Assets/Resources/PXR_ProjectSetting.asset failed.
  at (wrapper managed-to-native) UnityEditor.AssetDatabase.CreateAsset(UnityEngine.Object,string)
  at Unity.XR.PXR.PXR_ProjectSetting.GetProjectConfig () [0x0016f] in E:\SixBox\RunnerGame\PICO Unity Integration SDK-3.4.0-20260226\Runtime\Scripts\PXR_ProjectSetting.cs:125 
  at Unity.XR.PXR.Editor.PXR_SDKSettingEditor.InitializeOnLoad () [0x00000] in E:\SixBox\RunnerGame\PICO Unity Integration SDK-3.4.0-20260226\Editor\PXR_SDKSettingEditor.cs:146 
  at (wrapper managed-to-native) System.Reflection.RuntimeMethodInfo.InternalInvoke(System.Reflection.RuntimeMethodInfo,object,object[],System.Exception&)
  at System.Reflection.RuntimeMethodInfo.Invoke (System.Object obj, System.Reflection.BindingFlags invokeAttr, System.Reflection.Binder binder, System.Object[] parameters, System.Globalization.CultureInfo culture) [0x0006a] in <688f272cc27c4df98c503f9d1f1267d0>:0 
   --- End of inner exception stack trace ---
  at System.Reflection.RuntimeMethodInfo.Invoke (System.Object obj, System.Reflection.BindingFlags invokeAttr, System.Reflection.Binder binder, System.Object[] parameters, System.Globalization.CultureInfo culture) [0x00083] in <688f272cc27c4df98c503f9d1f1267d0>:0 
  at System.Reflection.MethodBase.Invoke (System.Object obj, System.Object[] parameters) [0x00000] in <688f272cc27c4df98c503f9d1f1267d0>:0 
  at UnityEditor.EditorAssemblies.ProcessInitializeOnLoadMethodAttributes () [0x000a5] in <1518627dacca44efa32edd45bc720c48>:0 
UnityEngine.StackTraceUtility:ExtractStackTrace ()
UnityEngine.DebugLogHandler:LogFormat (UnityEngine.LogType,UnityEngine.Object,string,object[])
UnityEngine.Logger:Log (UnityEngine.LogType,object)
UnityEngine.Debug:LogError (object)
UnityEditor.EditorAssemblies:ProcessInitializeOnLoadMethodAttributes ()

Mono: successfully reloaded assembly
- Completed reload, in  3.289 seconds
Domain Reload Profiling:
	ReloadAssembly (3290ms)
		BeginReloadAssembly (399ms)
			ExecutionOrderSort (0ms)
			DisableScriptedObjects (6ms)
			BackupInstance (0ms)
			ReleaseScriptingObjects (0ms)
			CreateAndSetChildDomain (64ms)
		EndReloadAssembly (2652ms)
			LoadAssemblies (354ms)
			RebuildTransferFunctionScriptingTraits (0ms)
			SetupTypeCache (530ms)
			ReleaseScriptCaches (2ms)
			RebuildScriptCaches (80ms)
			SetupLoadedEditorAssemblies (1670ms)
				LogAssemblyErrors (0ms)
				InitializePlatformSupportModulesInManaged (29ms)
				SetLoadedEditorAssemblies (1ms)
				RefreshPlugins (3ms)
				BeforeProcessingInitializeOnLoad (133ms)
				ProcessInitializeOnLoadAttributes (1395ms)
				ProcessInitializeOnLoadMethodAttributes (65ms)
				AfterProcessingInitializeOnLoad (44ms)
				EditorAssembliesLoaded (0ms)
			ExecutionOrderSort2 (0ms)
			AwakeInstancesAfterBackupRestoration (12ms)
Platform modules already initialized, skipping
Refreshing native plugins compatible for Editor in 3.18 ms, found 14 plugins.
Preloading 3 native plugins for Editor in 1.37 ms.
Unloading 4609 Unused Serialized files (Serialized files now loaded: 0)
Unloading 52 unused Assets / (23.0 KB). Loaded Objects now: 5229.
Memory consumption went from 187.6 MB to 187.5 MB.
Total: 6.988300 ms (FindLiveObjects: 0.422600 ms CreateObjectMapping: 0.493400 ms MarkObjects: 5.998900 ms  DeleteObjects: 0.071500 ms)

AssetImportParameters requested are different than current active one (requested -> active):
  custom:video-decoder-ogg-theora: a1e56fd34408186e4bbccfd4996cb3dc -> 
  custom:container-muxer-webm: aa71ff27fc2769a1b78a27578f13a17b -> 
  custom:container-demuxer-webm: 4f35f7cbe854078d1ac9338744f61a02 -> 
  custom:video-encoder-webm-vp8: eb34c28f22e8b96e1ab97ce403110664 -> 
  custom:video-codec-MediaFoundation-h265: 746d11721c4dcdbdad8f713fa42b33f4 -> 
  custom:CustomObjectIndexerAttribute: bc11b3a6c3213fcdd17b65e7da85e133 -> 
  custom:audio-encoder-webm-vorbis: bf7c407c2cedff20999df2af8eb42d56 -> 
  custom:framework-win-MediaFoundation: 216162199b28c13a410421893ffa2e32 -> 
  custom:SearchIndexIgnoredProperties: e643bd26f0fe6173181afceb89e7c659 -> 
  custom:container-demuxer-ogg: 62fdf1f143b41e24485cea50d1cbac27 -> 
  custom:video-decoder-webm-vp8: 9c59270c3fd7afecdb556c50c9e8de78 -> 
  custom:audio-decoder-ogg-vorbis: bf7c407c2cedff20999df2af8eb42d56 -> 
========================================================================
Received Import Request.
  Time since last request: 142.481392 seconds.
  path: Assets/Scenes/level2.unity
  artifactKey: Guid(873511b4db171ae499903048940e8b97) Importer(815301076,1909f56bfc062723c751e8b465ee728b)
Number of updated assets reloaded before import = 0
Start importing Assets/Scenes/level2.unity using Guid(873511b4db171ae499903048940e8b97) Importer(815301076,1909f56bfc062723c751e8b465ee728b)  -> (artifact id: '0642d91d9741476ed414b741e96b2390') in 0.025162 seconds 
Number of asset objects unloaded after import = 0
========================================================================
Received Import Request.
  Time since last request: 70.628413 seconds.
  path: Assets/Scenes/level1.unity
  artifactKey: Guid(9fc0d4010bbf28b4594072e72b8655ab) Importer(815301076,1909f56bfc062723c751e8b465ee728b)
Number of updated assets reloaded before import = 0
Start importing Assets/Scenes/level1.unity using Guid(9fc0d4010bbf28b4594072e72b8655ab) Importer(815301076,1909f56bfc062723c751e8b465ee728b)  -> (artifact id: '6377e092225882cd32283506da07b720') in 0.004630 seconds 
Number of asset objects unloaded after import = 0
========================================================================
Received Prepare
Registering precompiled user dll's ...
Registered in 0.035522 seconds.
Begin MonoManager ReloadAssembly
Native extension for WindowsStandalone target not found
Native extension for Android target not found
Refreshing native plugins compatible for Editor in 1.41 ms, found 14 plugins.
Preloading 3 native plugins for Editor in 1.22 ms.
PXRLog [Build Check]RegisterBuildPlayerHandler,Already Do not show: False
UnityEngine.StackTraceUtility:ExtractStackTrace ()
UnityEngine.DebugLogHandler:LogFormat (UnityEngine.LogType,UnityEngine.Object,string,object[])
UnityEngine.Logger:Log (UnityEngine.LogType,object)
UnityEngine.Debug:Log (object)
Unity.XR.PXR.Editor.PXR_SDKBuildCheck:.cctor () (at PICO Unity Integration SDK-3.4.0-20260226/Editor/PXR_SDKBuildCheck.cs:31)
System.Runtime.CompilerServices.RuntimeHelpers:RunClassConstructor (System.RuntimeTypeHandle)
UnityEditor.EditorAssemblies:ProcessInitializeOnLoadAttributes (System.Type[])

(Filename: PICO Unity Integration SDK-3.4.0-20260226/Editor/PXR_SDKBuildCheck.cs Line: 31)

[Package Manager] Server::EnsureServerProcessIsRunning -- launch failed, reason: Unity was launched with the -noUpm command-line argument
[Package Manager] Cannot connect to Unity Package Manager local server
[Package Manager] Server::EnsureServerProcessIsRunning -- launch failed, reason: Unity was launched with the -noUpm command-line argument
[Package Manager] Cannot connect to Unity Package Manager local server
[Package Manager] Server::EnsureServerProcessIsRunning -- launch failed, reason: Unity was launched with the -noUpm command-line argument
[Package Manager] Cannot connect to Unity Package Manager local server
进程外导入时不支持 CreateSerializedAsset
UnityEngine.StackTraceUtility:ExtractStackTrace ()
Unity.XR.PXR.PXR_ProjectSetting:GetProjectConfig () (at PICO Unity Integration SDK-3.4.0-20260226/Runtime/Scripts/PXR_ProjectSetting.cs:125)
Unity.XR.PXR.Editor.PXR_SDKSettingEditor:InitializeOnLoad () (at PICO Unity Integration SDK-3.4.0-20260226/Editor/PXR_SDKSettingEditor.cs:146)
System.Reflection.RuntimeMethodInfo:Invoke (object,System.Reflection.BindingFlags,System.Reflection.Binder,object[],System.Globalization.CultureInfo)
System.Reflection.MethodBase:Invoke (object,object[])
UnityEditor.EditorAssemblies:ProcessInitializeOnLoadMethodAttributes ()

[PICO Unity Integration SDK-3.4.0-20260226/Runtime/Scripts/PXR_ProjectSetting.cs line 125]

System.Reflection.TargetInvocationException: Exception has been thrown by the target of an invocation. ---> UnityEngine.UnityException: Creating asset at path Assets/Resources/PXR_ProjectSetting.asset failed.
  at (wrapper managed-to-native) UnityEditor.AssetDatabase.CreateAsset(UnityEngine.Object,string)
  at Unity.XR.PXR.PXR_ProjectSetting.GetProjectConfig () [0x0016f] in E:\SixBox\RunnerGame\PICO Unity Integration SDK-3.4.0-20260226\Runtime\Scripts\PXR_ProjectSetting.cs:125 
  at Unity.XR.PXR.Editor.PXR_SDKSettingEditor.InitializeOnLoad () [0x00000] in E:\SixBox\RunnerGame\PICO Unity Integration SDK-3.4.0-20260226\Editor\PXR_SDKSettingEditor.cs:146 
  at (wrapper managed-to-native) System.Reflection.RuntimeMethodInfo.InternalInvoke(System.Reflection.RuntimeMethodInfo,object,object[],System.Exception&)
  at System.Reflection.RuntimeMethodInfo.Invoke (System.Object obj, System.Reflection.BindingFlags invokeAttr, System.Reflection.Binder binder, System.Object[] parameters, System.Globalization.CultureInfo culture) [0x0006a] in <688f272cc27c4df98c503f9d1f1267d0>:0 
   --- End of inner exception stack trace ---
  at System.Reflection.RuntimeMethodInfo.Invoke (System.Object obj, System.Reflection.BindingFlags invokeAttr, System.Reflection.Binder binder, System.Object[] parameters, System.Globalization.CultureInfo culture) [0x00083] in <688f272cc27c4df98c503f9d1f1267d0>:0 
  at System.Reflection.MethodBase.Invoke (System.Object obj, System.Object[] parameters) [0x00000] in <688f272cc27c4df98c503f9d1f1267d0>:0 
  at UnityEditor.EditorAssemblies.ProcessInitializeOnLoadMethodAttributes () [0x000a5] in <1518627dacca44efa32edd45bc720c48>:0 
UnityEngine.StackTraceUtility:ExtractStackTrace ()
UnityEngine.DebugLogHandler:LogFormat (UnityEngine.LogType,UnityEngine.Object,string,object[])
UnityEngine.Logger:Log (UnityEngine.LogType,object)
UnityEngine.Debug:LogError (object)
UnityEditor.EditorAssemblies:ProcessInitializeOnLoadMethodAttributes ()

Mono: successfully reloaded assembly
- Completed reload, in  3.283 seconds
Domain Reload Profiling:
	ReloadAssembly (3284ms)
		BeginReloadAssembly (357ms)
			ExecutionOrderSort (0ms)
			DisableScriptedObjects (9ms)
			BackupInstance (0ms)
			ReleaseScriptingObjects (0ms)
			CreateAndSetChildDomain (46ms)
		EndReloadAssembly (2672ms)
			LoadAssemblies (332ms)
			RebuildTransferFunctionScriptingTraits (0ms)
			SetupTypeCache (511ms)
			ReleaseScriptCaches (2ms)
			RebuildScriptCaches (66ms)
			SetupLoadedEditorAssemblies (1751ms)
				LogAssemblyErrors (0ms)
				InitializePlatformSupportModulesInManaged (26ms)
				SetLoadedEditorAssemblies (1ms)
				RefreshPlugins (3ms)
				BeforeProcessingInitializeOnLoad (132ms)
				ProcessInitializeOnLoadAttributes (1465ms)
				ProcessInitializeOnLoadMethodAttributes (75ms)
				AfterProcessingInitializeOnLoad (49ms)
				EditorAssembliesLoaded (0ms)
			ExecutionOrderSort2 (0ms)
			AwakeInstancesAfterBackupRestoration (10ms)
Platform modules already initialized, skipping
Refreshing native plugins compatible for Editor in 1.62 ms, found 14 plugins.
Preloading 3 native plugins for Editor in 0.99 ms.
Unloading 4609 Unused Serialized files (Serialized files now loaded: 0)
Unloading 52 unused Assets / (23.0 KB). Loaded Objects now: 5234.
Memory consumption went from 187.6 MB to 187.6 MB.
Total: 6.092800 ms (FindLiveObjects: 0.456800 ms CreateObjectMapping: 0.461000 ms MarkObjects: 5.092500 ms  DeleteObjects: 0.081100 ms)

AssetImportParameters requested are different than current active one (requested -> active):
  custom:video-decoder-ogg-theora: a1e56fd34408186e4bbccfd4996cb3dc -> 
  custom:container-muxer-webm: aa71ff27fc2769a1b78a27578f13a17b -> 
  custom:container-demuxer-webm: 4f35f7cbe854078d1ac9338744f61a02 -> 
  custom:video-encoder-webm-vp8: eb34c28f22e8b96e1ab97ce403110664 -> 
  custom:video-codec-MediaFoundation-h265: 746d11721c4dcdbdad8f713fa42b33f4 -> 
  custom:CustomObjectIndexerAttribute: bc11b3a6c3213fcdd17b65e7da85e133 -> 
  custom:audio-encoder-webm-vorbis: bf7c407c2cedff20999df2af8eb42d56 -> 
  custom:framework-win-MediaFoundation: 216162199b28c13a410421893ffa2e32 -> 
  custom:SearchIndexIgnoredProperties: e643bd26f0fe6173181afceb89e7c659 -> 
  custom:container-demuxer-ogg: 62fdf1f143b41e24485cea50d1cbac27 -> 
  custom:video-decoder-webm-vp8: 9c59270c3fd7afecdb556c50c9e8de78 -> 
  custom:audio-decoder-ogg-vorbis: bf7c407c2cedff20999df2af8eb42d56 -> 
========================================================================
Received Prepare
Registering precompiled user dll's ...
Registered in 0.040208 seconds.
Begin MonoManager ReloadAssembly
Native extension for WindowsStandalone target not found
Native extension for Android target not found
Refreshing native plugins compatible for Editor in 1.53 ms, found 14 plugins.
Preloading 3 native plugins for Editor in 0.96 ms.
PXRLog [Build Check]RegisterBuildPlayerHandler,Already Do not show: False
UnityEngine.StackTraceUtility:ExtractStackTrace ()
UnityEngine.DebugLogHandler:LogFormat (UnityEngine.LogType,UnityEngine.Object,string,object[])
UnityEngine.Logger:Log (UnityEngine.LogType,object)
UnityEngine.Debug:Log (object)
Unity.XR.PXR.Editor.PXR_SDKBuildCheck:.cctor () (at PICO Unity Integration SDK-3.4.0-20260226/Editor/PXR_SDKBuildCheck.cs:31)
System.Runtime.CompilerServices.RuntimeHelpers:RunClassConstructor (System.RuntimeTypeHandle)
UnityEditor.EditorAssemblies:ProcessInitializeOnLoadAttributes (System.Type[])

(Filename: PICO Unity Integration SDK-3.4.0-20260226/Editor/PXR_SDKBuildCheck.cs Line: 31)

[Package Manager] Server::EnsureServerProcessIsRunning -- launch failed, reason: Unity was launched with the -noUpm command-line argument
[Package Manager] Cannot connect to Unity Package Manager local server
[Package Manager] Server::EnsureServerProcessIsRunning -- launch failed, reason: Unity was launched with the -noUpm command-line argument
[Package Manager] Cannot connect to Unity Package Manager local server
[Package Manager] Server::EnsureServerProcessIsRunning -- launch failed, reason: Unity was launched with the -noUpm command-line argument
[Package Manager] Cannot connect to Unity Package Manager local server
进程外导入时不支持 CreateSerializedAsset
UnityEngine.StackTraceUtility:ExtractStackTrace ()
Unity.XR.PXR.PXR_ProjectSetting:GetProjectConfig () (at PICO Unity Integration SDK-3.4.0-20260226/Runtime/Scripts/PXR_ProjectSetting.cs:125)
Unity.XR.PXR.Editor.PXR_SDKSettingEditor:InitializeOnLoad () (at PICO Unity Integration SDK-3.4.0-20260226/Editor/PXR_SDKSettingEditor.cs:146)
System.Reflection.RuntimeMethodInfo:Invoke (object,System.Reflection.BindingFlags,System.Reflection.Binder,object[],System.Globalization.CultureInfo)
System.Reflection.MethodBase:Invoke (object,object[])
UnityEditor.EditorAssemblies:ProcessInitializeOnLoadMethodAttributes ()

[PICO Unity Integration SDK-3.4.0-20260226/Runtime/Scripts/PXR_ProjectSetting.cs line 125]

System.Reflection.TargetInvocationException: Exception has been thrown by the target of an invocation. ---> UnityEngine.UnityException: Creating asset at path Assets/Resources/PXR_ProjectSetting.asset failed.
  at (wrapper managed-to-native) UnityEditor.AssetDatabase.CreateAsset(UnityEngine.Object,string)
  at Unity.XR.PXR.PXR_ProjectSetting.GetProjectConfig () [0x0016f] in E:\SixBox\RunnerGame\PICO Unity Integration SDK-3.4.0-20260226\Runtime\Scripts\PXR_ProjectSetting.cs:125 
  at Unity.XR.PXR.Editor.PXR_SDKSettingEditor.InitializeOnLoad () [0x00000] in E:\SixBox\RunnerGame\PICO Unity Integration SDK-3.4.0-20260226\Editor\PXR_SDKSettingEditor.cs:146 
  at (wrapper managed-to-native) System.Reflection.RuntimeMethodInfo.InternalInvoke(System.Reflection.RuntimeMethodInfo,object,object[],System.Exception&)
  at System.Reflection.RuntimeMethodInfo.Invoke (System.Object obj, System.Reflection.BindingFlags invokeAttr, System.Reflection.Binder binder, System.Object[] parameters, System.Globalization.CultureInfo culture) [0x0006a] in <688f272cc27c4df98c503f9d1f1267d0>:0 
   --- End of inner exception stack trace ---
  at System.Reflection.RuntimeMethodInfo.Invoke (System.Object obj, System.Reflection.BindingFlags invokeAttr, System.Reflection.Binder binder, System.Object[] parameters, System.Globalization.CultureInfo culture) [0x00083] in <688f272cc27c4df98c503f9d1f1267d0>:0 
  at System.Reflection.MethodBase.Invoke (System.Object obj, System.Object[] parameters) [0x00000] in <688f272cc27c4df98c503f9d1f1267d0>:0 
  at UnityEditor.EditorAssemblies.ProcessInitializeOnLoadMethodAttributes () [0x000a5] in <1518627dacca44efa32edd45bc720c48>:0 
UnityEngine.StackTraceUtility:ExtractStackTrace ()
UnityEngine.DebugLogHandler:LogFormat (UnityEngine.LogType,UnityEngine.Object,string,object[])
UnityEngine.Logger:Log (UnityEngine.LogType,object)
UnityEngine.Debug:LogError (object)
UnityEditor.EditorAssemblies:ProcessInitializeOnLoadMethodAttributes ()

Mono: successfully reloaded assembly
- Completed reload, in  3.153 seconds
Domain Reload Profiling:
	ReloadAssembly (3155ms)
		BeginReloadAssembly (413ms)
			ExecutionOrderSort (0ms)
			DisableScriptedObjects (11ms)
			BackupInstance (0ms)
			ReleaseScriptingObjects (0ms)
			CreateAndSetChildDomain (70ms)
		EndReloadAssembly (2479ms)
			LoadAssemblies (369ms)
			RebuildTransferFunctionScriptingTraits (0ms)
			SetupTypeCache (495ms)
			ReleaseScriptCaches (2ms)
			RebuildScriptCaches (73ms)
			SetupLoadedEditorAssemblies (1556ms)
				LogAssemblyErrors (0ms)
				InitializePlatformSupportModulesInManaged (28ms)
				SetLoadedEditorAssemblies (1ms)
				RefreshPlugins (3ms)
				BeforeProcessingInitializeOnLoad (135ms)
				ProcessInitializeOnLoadAttributes (1282ms)
				ProcessInitializeOnLoadMethodAttributes (70ms)
				AfterProcessingInitializeOnLoad (37ms)
				EditorAssembliesLoaded (0ms)
			ExecutionOrderSort2 (0ms)
			AwakeInstancesAfterBackupRestoration (10ms)
Platform modules already initialized, skipping
Refreshing native plugins compatible for Editor in 2.45 ms, found 14 plugins.
Preloading 3 native plugins for Editor in 1.57 ms.
Unloading 4609 Unused Serialized files (Serialized files now loaded: 0)
Unloading 52 unused Assets / (23.0 KB). Loaded Objects now: 5239.
Memory consumption went from 187.6 MB to 187.6 MB.
Total: 5.751900 ms (FindLiveObjects: 0.587600 ms CreateObjectMapping: 0.347300 ms MarkObjects: 4.760800 ms  DeleteObjects: 0.054500 ms)

AssetImportParameters requested are different than current active one (requested -> active):
  custom:video-decoder-ogg-theora: a1e56fd34408186e4bbccfd4996cb3dc -> 
  custom:container-muxer-webm: aa71ff27fc2769a1b78a27578f13a17b -> 
  custom:container-demuxer-webm: 4f35f7cbe854078d1ac9338744f61a02 -> 
  custom:video-encoder-webm-vp8: eb34c28f22e8b96e1ab97ce403110664 -> 
  custom:video-codec-MediaFoundation-h265: 746d11721c4dcdbdad8f713fa42b33f4 -> 
  custom:CustomObjectIndexerAttribute: bc11b3a6c3213fcdd17b65e7da85e133 -> 
  custom:audio-encoder-webm-vorbis: bf7c407c2cedff20999df2af8eb42d56 -> 
  custom:framework-win-MediaFoundation: 216162199b28c13a410421893ffa2e32 -> 
  custom:SearchIndexIgnoredProperties: e643bd26f0fe6173181afceb89e7c659 -> 
  custom:container-demuxer-ogg: 62fdf1f143b41e24485cea50d1cbac27 -> 
  custom:video-decoder-webm-vp8: 9c59270c3fd7afecdb556c50c9e8de78 -> 
  custom:audio-decoder-ogg-vorbis: bf7c407c2cedff20999df2af8eb42d56 -> 
========================================================================
Received Prepare
Registering precompiled user dll's ...
Registered in 0.038944 seconds.
Begin MonoManager ReloadAssembly
Native extension for WindowsStandalone target not found
Native extension for Android target not found
Refreshing native plugins compatible for Editor in 2.72 ms, found 14 plugins.
Preloading 3 native plugins for Editor in 1.31 ms.
PXRLog [Build Check]RegisterBuildPlayerHandler,Already Do not show: False
UnityEngine.StackTraceUtility:ExtractStackTrace ()
UnityEngine.DebugLogHandler:LogFormat (UnityEngine.LogType,UnityEngine.Object,string,object[])
UnityEngine.Logger:Log (UnityEngine.LogType,object)
UnityEngine.Debug:Log (object)
Unity.XR.PXR.Editor.PXR_SDKBuildCheck:.cctor () (at PICO Unity Integration SDK-3.4.0-20260226/Editor/PXR_SDKBuildCheck.cs:31)
System.Runtime.CompilerServices.RuntimeHelpers:RunClassConstructor (System.RuntimeTypeHandle)
UnityEditor.EditorAssemblies:ProcessInitializeOnLoadAttributes (System.Type[])

(Filename: PICO Unity Integration SDK-3.4.0-20260226/Editor/PXR_SDKBuildCheck.cs Line: 31)

[Package Manager] Server::EnsureServerProcessIsRunning -- launch failed, reason: Unity was launched with the -noUpm command-line argument
[Package Manager] Cannot connect to Unity Package Manager local server
[Package Manager] Server::EnsureServerProcessIsRunning -- launch failed, reason: Unity was launched with the -noUpm command-line argument
[Package Manager] Cannot connect to Unity Package Manager local server
[Package Manager] Server::EnsureServerProcessIsRunning -- launch failed, reason: Unity was launched with the -noUpm command-line argument
[Package Manager] Cannot connect to Unity Package Manager local server
进程外导入时不支持 CreateSerializedAsset
UnityEngine.StackTraceUtility:ExtractStackTrace ()
Unity.XR.PXR.PXR_ProjectSetting:GetProjectConfig () (at PICO Unity Integration SDK-3.4.0-20260226/Runtime/Scripts/PXR_ProjectSetting.cs:125)
Unity.XR.PXR.Editor.PXR_SDKSettingEditor:InitializeOnLoad () (at PICO Unity Integration SDK-3.4.0-20260226/Editor/PXR_SDKSettingEditor.cs:146)
System.Reflection.RuntimeMethodInfo:Invoke (object,System.Reflection.BindingFlags,System.Reflection.Binder,object[],System.Globalization.CultureInfo)
System.Reflection.MethodBase:Invoke (object,object[])
UnityEditor.EditorAssemblies:ProcessInitializeOnLoadMethodAttributes ()

[PICO Unity Integration SDK-3.4.0-20260226/Runtime/Scripts/PXR_ProjectSetting.cs line 125]

System.Reflection.TargetInvocationException: Exception has been thrown by the target of an invocation. ---> UnityEngine.UnityException: Creating asset at path Assets/Resources/PXR_ProjectSetting.asset failed.
  at (wrapper managed-to-native) UnityEditor.AssetDatabase.CreateAsset(UnityEngine.Object,string)
  at Unity.XR.PXR.PXR_ProjectSetting.GetProjectConfig () [0x0016f] in E:\SixBox\RunnerGame\PICO Unity Integration SDK-3.4.0-20260226\Runtime\Scripts\PXR_ProjectSetting.cs:125 
  at Unity.XR.PXR.Editor.PXR_SDKSettingEditor.InitializeOnLoad () [0x00000] in E:\SixBox\RunnerGame\PICO Unity Integration SDK-3.4.0-20260226\Editor\PXR_SDKSettingEditor.cs:146 
  at (wrapper managed-to-native) System.Reflection.RuntimeMethodInfo.InternalInvoke(System.Reflection.RuntimeMethodInfo,object,object[],System.Exception&)
  at System.Reflection.RuntimeMethodInfo.Invoke (System.Object obj, System.Reflection.BindingFlags invokeAttr, System.Reflection.Binder binder, System.Object[] parameters, System.Globalization.CultureInfo culture) [0x0006a] in <688f272cc27c4df98c503f9d1f1267d0>:0 
   --- End of inner exception stack trace ---
  at System.Reflection.RuntimeMethodInfo.Invoke (System.Object obj, System.Reflection.BindingFlags invokeAttr, System.Reflection.Binder binder, System.Object[] parameters, System.Globalization.CultureInfo culture) [0x00083] in <688f272cc27c4df98c503f9d1f1267d0>:0 
  at System.Reflection.MethodBase.Invoke (System.Object obj, System.Object[] parameters) [0x00000] in <688f272cc27c4df98c503f9d1f1267d0>:0 
  at UnityEditor.EditorAssemblies.ProcessInitializeOnLoadMethodAttributes () [0x000a5] in <1518627dacca44efa32edd45bc720c48>:0 
UnityEngine.StackTraceUtility:ExtractStackTrace ()
UnityEngine.DebugLogHandler:LogFormat (UnityEngine.LogType,UnityEngine.Object,string,object[])
UnityEngine.Logger:Log (UnityEngine.LogType,object)
UnityEngine.Debug:LogError (object)
UnityEditor.EditorAssemblies:ProcessInitializeOnLoadMethodAttributes ()

Mono: successfully reloaded assembly
- Completed reload, in  3.098 seconds
Domain Reload Profiling:
	ReloadAssembly (3099ms)
		BeginReloadAssembly (418ms)
			ExecutionOrderSort (0ms)
			DisableScriptedObjects (9ms)
			BackupInstance (0ms)
			ReleaseScriptingObjects (0ms)
			CreateAndSetChildDomain (84ms)
		EndReloadAssembly (2448ms)
			LoadAssemblies (345ms)
			RebuildTransferFunctionScriptingTraits (0ms)
			SetupTypeCache (462ms)
			ReleaseScriptCaches (2ms)
			RebuildScriptCaches (66ms)
			SetupLoadedEditorAssemblies (1577ms)
				LogAssemblyErrors (0ms)
				InitializePlatformSupportModulesInManaged (24ms)
				SetLoadedEditorAssemblies (2ms)
				RefreshPlugins (4ms)
				BeforeProcessingInitializeOnLoad (117ms)
				ProcessInitializeOnLoadAttributes (1325ms)
				ProcessInitializeOnLoadMethodAttributes (62ms)
				AfterProcessingInitializeOnLoad (44ms)
				EditorAssembliesLoaded (0ms)
			ExecutionOrderSort2 (0ms)
			AwakeInstancesAfterBackupRestoration (12ms)
Platform modules already initialized, skipping
Refreshing native plugins compatible for Editor in 1.51 ms, found 14 plugins.
Preloading 3 native plugins for Editor in 0.88 ms.
Unloading 4609 Unused Serialized files (Serialized files now loaded: 0)
Unloading 52 unused Assets / (23.0 KB). Loaded Objects now: 5244.
Memory consumption went from 187.6 MB to 187.6 MB.
Total: 8.442800 ms (FindLiveObjects: 0.608900 ms CreateObjectMapping: 0.503400 ms MarkObjects: 7.261500 ms  DeleteObjects: 0.067200 ms)

AssetImportParameters requested are different than current active one (requested -> active):
  custom:video-decoder-ogg-theora: a1e56fd34408186e4bbccfd4996cb3dc -> 
  custom:container-muxer-webm: aa71ff27fc2769a1b78a27578f13a17b -> 
  custom:container-demuxer-webm: 4f35f7cbe854078d1ac9338744f61a02 -> 
  custom:video-encoder-webm-vp8: eb34c28f22e8b96e1ab97ce403110664 -> 
  custom:video-codec-MediaFoundation-h265: 746d11721c4dcdbdad8f713fa42b33f4 -> 
  custom:CustomObjectIndexerAttribute: bc11b3a6c3213fcdd17b65e7da85e133 -> 
  custom:audio-encoder-webm-vorbis: bf7c407c2cedff20999df2af8eb42d56 -> 
  custom:framework-win-MediaFoundation: 216162199b28c13a410421893ffa2e32 -> 
  custom:SearchIndexIgnoredProperties: e643bd26f0fe6173181afceb89e7c659 -> 
  custom:container-demuxer-ogg: 62fdf1f143b41e24485cea50d1cbac27 -> 
  custom:video-decoder-webm-vp8: 9c59270c3fd7afecdb556c50c9e8de78 -> 
  custom:audio-decoder-ogg-vorbis: bf7c407c2cedff20999df2af8eb42d56 -> 
========================================================================
Received Prepare
Registering precompiled user dll's ...
Registered in 0.043747 seconds.
Begin MonoManager ReloadAssembly
Native extension for WindowsStandalone target not found
Native extension for Android target not found
Refreshing native plugins compatible for Editor in 1.50 ms, found 14 plugins.
Preloading 3 native plugins for Editor in 0.88 ms.
PXRLog [Build Check]RegisterBuildPlayerHandler,Already Do not show: False
UnityEngine.StackTraceUtility:ExtractStackTrace ()
UnityEngine.DebugLogHandler:LogFormat (UnityEngine.LogType,UnityEngine.Object,string,object[])
UnityEngine.Logger:Log (UnityEngine.LogType,object)
UnityEngine.Debug:Log (object)
Unity.XR.PXR.Editor.PXR_SDKBuildCheck:.cctor () (at PICO Unity Integration SDK-3.4.0-20260226/Editor/PXR_SDKBuildCheck.cs:31)
System.Runtime.CompilerServices.RuntimeHelpers:RunClassConstructor (System.RuntimeTypeHandle)
UnityEditor.EditorAssemblies:ProcessInitializeOnLoadAttributes (System.Type[])

(Filename: PICO Unity Integration SDK-3.4.0-20260226/Editor/PXR_SDKBuildCheck.cs Line: 31)

[Package Manager] Server::EnsureServerProcessIsRunning -- launch failed, reason: Unity was launched with the -noUpm command-line argument
[Package Manager] Cannot connect to Unity Package Manager local server
[Package Manager] Server::EnsureServerProcessIsRunning -- launch failed, reason: Unity was launched with the -noUpm command-line argument
[Package Manager] Cannot connect to Unity Package Manager local server
[Package Manager] Server::EnsureServerProcessIsRunning -- launch failed, reason: Unity was launched with the -noUpm command-line argument
[Package Manager] Cannot connect to Unity Package Manager local server
进程外导入时不支持 CreateSerializedAsset
UnityEngine.StackTraceUtility:ExtractStackTrace ()
Unity.XR.PXR.PXR_ProjectSetting:GetProjectConfig () (at PICO Unity Integration SDK-3.4.0-20260226/Runtime/Scripts/PXR_ProjectSetting.cs:125)
Unity.XR.PXR.Editor.PXR_SDKSettingEditor:InitializeOnLoad () (at PICO Unity Integration SDK-3.4.0-20260226/Editor/PXR_SDKSettingEditor.cs:146)
System.Reflection.RuntimeMethodInfo:Invoke (object,System.Reflection.BindingFlags,System.Reflection.Binder,object[],System.Globalization.CultureInfo)
System.Reflection.MethodBase:Invoke (object,object[])
UnityEditor.EditorAssemblies:ProcessInitializeOnLoadMethodAttributes ()

[PICO Unity Integration SDK-3.4.0-20260226/Runtime/Scripts/PXR_ProjectSetting.cs line 125]

System.Reflection.TargetInvocationException: Exception has been thrown by the target of an invocation. ---> UnityEngine.UnityException: Creating asset at path Assets/Resources/PXR_ProjectSetting.asset failed.
  at (wrapper managed-to-native) UnityEditor.AssetDatabase.CreateAsset(UnityEngine.Object,string)
  at Unity.XR.PXR.PXR_ProjectSetting.GetProjectConfig () [0x0016f] in E:\SixBox\RunnerGame\PICO Unity Integration SDK-3.4.0-20260226\Runtime\Scripts\PXR_ProjectSetting.cs:125 
  at Unity.XR.PXR.Editor.PXR_SDKSettingEditor.InitializeOnLoad () [0x00000] in E:\SixBox\RunnerGame\PICO Unity Integration SDK-3.4.0-20260226\Editor\PXR_SDKSettingEditor.cs:146 
  at (wrapper managed-to-native) System.Reflection.RuntimeMethodInfo.InternalInvoke(System.Reflection.RuntimeMethodInfo,object,object[],System.Exception&)
  at System.Reflection.RuntimeMethodInfo.Invoke (System.Object obj, System.Reflection.BindingFlags invokeAttr, System.Reflection.Binder binder, System.Object[] parameters, System.Globalization.CultureInfo culture) [0x0006a] in <688f272cc27c4df98c503f9d1f1267d0>:0 
   --- End of inner exception stack trace ---
  at System.Reflection.RuntimeMethodInfo.Invoke (System.Object obj, System.Reflection.BindingFlags invokeAttr, System.Reflection.Binder binder, System.Object[] parameters, System.Globalization.CultureInfo culture) [0x00083] in <688f272cc27c4df98c503f9d1f1267d0>:0 
  at System.Reflection.MethodBase.Invoke (System.Object obj, System.Object[] parameters) [0x00000] in <688f272cc27c4df98c503f9d1f1267d0>:0 
  at UnityEditor.EditorAssemblies.ProcessInitializeOnLoadMethodAttributes () [0x000a5] in <1518627dacca44efa32edd45bc720c48>:0 
UnityEngine.StackTraceUtility:ExtractStackTrace ()
UnityEngine.DebugLogHandler:LogFormat (UnityEngine.LogType,UnityEngine.Object,string,object[])
UnityEngine.Logger:Log (UnityEngine.LogType,object)
UnityEngine.Debug:LogError (object)
UnityEditor.EditorAssemblies:ProcessInitializeOnLoadMethodAttributes ()

Mono: successfully reloaded assembly
- Completed reload, in  3.248 seconds
Domain Reload Profiling:
	ReloadAssembly (3249ms)
		BeginReloadAssembly (401ms)
			ExecutionOrderSort (0ms)
			DisableScriptedObjects (7ms)
			BackupInstance (0ms)
			ReleaseScriptingObjects (0ms)
			CreateAndSetChildDomain (57ms)
		EndReloadAssembly (2597ms)
			LoadAssemblies (331ms)
			RebuildTransferFunctionScriptingTraits (0ms)
			SetupTypeCache (536ms)
			ReleaseScriptCaches (2ms)
			RebuildScriptCaches (73ms)
			SetupLoadedEditorAssemblies (1631ms)
				LogAssemblyErrors (0ms)
				InitializePlatformSupportModulesInManaged (27ms)
				SetLoadedEditorAssemblies (1ms)
				RefreshPlugins (3ms)
				BeforeProcessingInitializeOnLoad (132ms)
				ProcessInitializeOnLoadAttributes (1348ms)
				ProcessInitializeOnLoadMethodAttributes (71ms)
				AfterProcessingInitializeOnLoad (50ms)
				EditorAssembliesLoaded (1ms)
			ExecutionOrderSort2 (0ms)
			AwakeInstancesAfterBackupRestoration (14ms)
Platform modules already initialized, skipping
Refreshing native plugins compatible for Editor in 2.61 ms, found 14 plugins.
Preloading 3 native plugins for Editor in 1.64 ms.
Unloading 4609 Unused Serialized files (Serialized files now loaded: 0)
Unloading 52 unused Assets / (23.0 KB). Loaded Objects now: 5249.
Memory consumption went from 187.6 MB to 187.6 MB.
Total: 6.721800 ms (FindLiveObjects: 0.517600 ms CreateObjectMapping: 0.519500 ms MarkObjects: 5.621400 ms  DeleteObjects: 0.061400 ms)

AssetImportParameters requested are different than current active one (requested -> active):
  custom:video-decoder-ogg-theora: a1e56fd34408186e4bbccfd4996cb3dc -> 
  custom:container-muxer-webm: aa71ff27fc2769a1b78a27578f13a17b -> 
  custom:container-demuxer-webm: 4f35f7cbe854078d1ac9338744f61a02 -> 
  custom:video-encoder-webm-vp8: eb34c28f22e8b96e1ab97ce403110664 -> 
  custom:video-codec-MediaFoundation-h265: 746d11721c4dcdbdad8f713fa42b33f4 -> 
  custom:CustomObjectIndexerAttribute: bc11b3a6c3213fcdd17b65e7da85e133 -> 
  custom:audio-encoder-webm-vorbis: bf7c407c2cedff20999df2af8eb42d56 -> 
  custom:framework-win-MediaFoundation: 216162199b28c13a410421893ffa2e32 -> 
  custom:SearchIndexIgnoredProperties: e643bd26f0fe6173181afceb89e7c659 -> 
  custom:container-demuxer-ogg: 62fdf1f143b41e24485cea50d1cbac27 -> 
  custom:video-decoder-webm-vp8: 9c59270c3fd7afecdb556c50c9e8de78 -> 
  custom:audio-decoder-ogg-vorbis: bf7c407c2cedff20999df2af8eb42d56 -> 
========================================================================
Received Prepare
Registering precompiled user dll's ...
Registered in 0.038237 seconds.
Begin MonoManager ReloadAssembly
Native extension for WindowsStandalone target not found
Native extension for Android target not found
Refreshing native plugins compatible for Editor in 1.42 ms, found 14 plugins.
Preloading 3 native plugins for Editor in 0.91 ms.
PXRLog [Build Check]RegisterBuildPlayerHandler,Already Do not show: False
UnityEngine.StackTraceUtility:ExtractStackTrace ()
UnityEngine.DebugLogHandler:LogFormat (UnityEngine.LogType,UnityEngine.Object,string,object[])
UnityEngine.Logger:Log (UnityEngine.LogType,object)
UnityEngine.Debug:Log (object)
Unity.XR.PXR.Editor.PXR_SDKBuildCheck:.cctor () (at PICO Unity Integration SDK-3.4.0-20260226/Editor/PXR_SDKBuildCheck.cs:31)
System.Runtime.CompilerServices.RuntimeHelpers:RunClassConstructor (System.RuntimeTypeHandle)
UnityEditor.EditorAssemblies:ProcessInitializeOnLoadAttributes (System.Type[])

(Filename: PICO Unity Integration SDK-3.4.0-20260226/Editor/PXR_SDKBuildCheck.cs Line: 31)

[Package Manager] Server::EnsureServerProcessIsRunning -- launch failed, reason: Unity was launched with the -noUpm command-line argument
[Package Manager] Cannot connect to Unity Package Manager local server
[Package Manager] Server::EnsureServerProcessIsRunning -- launch failed, reason: Unity was launched with the -noUpm command-line argument
[Package Manager] Cannot connect to Unity Package Manager local server
[Package Manager] Server::EnsureServerProcessIsRunning -- launch failed, reason: Unity was launched with the -noUpm command-line argument
[Package Manager] Cannot connect to Unity Package Manager local server
进程外导入时不支持 CreateSerializedAsset
UnityEngine.StackTraceUtility:ExtractStackTrace ()
Unity.XR.PXR.PXR_ProjectSetting:GetProjectConfig () (at PICO Unity Integration SDK-3.4.0-20260226/Runtime/Scripts/PXR_ProjectSetting.cs:125)
Unity.XR.PXR.Editor.PXR_SDKSettingEditor:InitializeOnLoad () (at PICO Unity Integration SDK-3.4.0-20260226/Editor/PXR_SDKSettingEditor.cs:146)
System.Reflection.RuntimeMethodInfo:Invoke (object,System.Reflection.BindingFlags,System.Reflection.Binder,object[],System.Globalization.CultureInfo)
System.Reflection.MethodBase:Invoke (object,object[])
UnityEditor.EditorAssemblies:ProcessInitializeOnLoadMethodAttributes ()

[PICO Unity Integration SDK-3.4.0-20260226/Runtime/Scripts/PXR_ProjectSetting.cs line 125]

System.Reflection.TargetInvocationException: Exception has been thrown by the target of an invocation. ---> UnityEngine.UnityException: Creating asset at path Assets/Resources/PXR_ProjectSetting.asset failed.
  at (wrapper managed-to-native) UnityEditor.AssetDatabase.CreateAsset(UnityEngine.Object,string)
  at Unity.XR.PXR.PXR_ProjectSetting.GetProjectConfig () [0x0016f] in E:\SixBox\RunnerGame\PICO Unity Integration SDK-3.4.0-20260226\Runtime\Scripts\PXR_ProjectSetting.cs:125 
  at Unity.XR.PXR.Editor.PXR_SDKSettingEditor.InitializeOnLoad () [0x00000] in E:\SixBox\RunnerGame\PICO Unity Integration SDK-3.4.0-20260226\Editor\PXR_SDKSettingEditor.cs:146 
  at (wrapper managed-to-native) System.Reflection.RuntimeMethodInfo.InternalInvoke(System.Reflection.RuntimeMethodInfo,object,object[],System.Exception&)
  at System.Reflection.RuntimeMethodInfo.Invoke (System.Object obj, System.Reflection.BindingFlags invokeAttr, System.Reflection.Binder binder, System.Object[] parameters, System.Globalization.CultureInfo culture) [0x0006a] in <688f272cc27c4df98c503f9d1f1267d0>:0 
   --- End of inner exception stack trace ---
  at System.Reflection.RuntimeMethodInfo.Invoke (System.Object obj, System.Reflection.BindingFlags invokeAttr, System.Reflection.Binder binder, System.Object[] parameters, System.Globalization.CultureInfo culture) [0x00083] in <688f272cc27c4df98c503f9d1f1267d0>:0 
  at System.Reflection.MethodBase.Invoke (System.Object obj, System.Object[] parameters) [0x00000] in <688f272cc27c4df98c503f9d1f1267d0>:0 
  at UnityEditor.EditorAssemblies.ProcessInitializeOnLoadMethodAttributes () [0x000a5] in <1518627dacca44efa32edd45bc720c48>:0 
UnityEngine.StackTraceUtility:ExtractStackTrace ()
UnityEngine.DebugLogHandler:LogFormat (UnityEngine.LogType,UnityEngine.Object,string,object[])
UnityEngine.Logger:Log (UnityEngine.LogType,object)
UnityEngine.Debug:LogError (object)
UnityEditor.EditorAssemblies:ProcessInitializeOnLoadMethodAttributes ()

Mono: successfully reloaded assembly
- Completed reload, in  3.038 seconds
Domain Reload Profiling:
	ReloadAssembly (3039ms)
		BeginReloadAssembly (379ms)
			ExecutionOrderSort (0ms)
			DisableScriptedObjects (10ms)
			BackupInstance (0ms)
			ReleaseScriptingObjects (0ms)
			CreateAndSetChildDomain (67ms)
		EndReloadAssembly (2393ms)
			LoadAssemblies (322ms)
			RebuildTransferFunctionScriptingTraits (0ms)
			SetupTypeCache (444ms)
			ReleaseScriptCaches (2ms)
			RebuildScriptCaches (67ms)
			SetupLoadedEditorAssemblies (1540ms)
				LogAssemblyErrors (0ms)
				InitializePlatformSupportModulesInManaged (23ms)
				SetLoadedEditorAssemblies (1ms)
				RefreshPlugins (2ms)
				BeforeProcessingInitializeOnLoad (108ms)
				ProcessInitializeOnLoadAttributes (1304ms)
				ProcessInitializeOnLoadMethodAttributes (58ms)
				AfterProcessingInitializeOnLoad (43ms)
				EditorAssembliesLoaded (0ms)
			ExecutionOrderSort2 (0ms)
			AwakeInstancesAfterBackupRestoration (9ms)
Platform modules already initialized, skipping
Refreshing native plugins compatible for Editor in 2.70 ms, found 14 plugins.
Preloading 3 native plugins for Editor in 1.39 ms.
Unloading 4609 Unused Serialized files (Serialized files now loaded: 0)
Unloading 52 unused Assets / (23.0 KB). Loaded Objects now: 5254.
Memory consumption went from 187.7 MB to 187.6 MB.
Total: 7.428100 ms (FindLiveObjects: 0.674000 ms CreateObjectMapping: 0.383500 ms MarkObjects: 6.304300 ms  DeleteObjects: 0.064500 ms)

AssetImportParameters requested are different than current active one (requested -> active):
  custom:video-decoder-ogg-theora: a1e56fd34408186e4bbccfd4996cb3dc -> 
  custom:container-muxer-webm: aa71ff27fc2769a1b78a27578f13a17b -> 
  custom:container-demuxer-webm: 4f35f7cbe854078d1ac9338744f61a02 -> 
  custom:video-encoder-webm-vp8: eb34c28f22e8b96e1ab97ce403110664 -> 
  custom:video-codec-MediaFoundation-h265: 746d11721c4dcdbdad8f713fa42b33f4 -> 
  custom:CustomObjectIndexerAttribute: bc11b3a6c3213fcdd17b65e7da85e133 -> 
  custom:audio-encoder-webm-vorbis: bf7c407c2cedff20999df2af8eb42d56 -> 
  custom:framework-win-MediaFoundation: 216162199b28c13a410421893ffa2e32 -> 
  custom:SearchIndexIgnoredProperties: e643bd26f0fe6173181afceb89e7c659 -> 
  custom:container-demuxer-ogg: 62fdf1f143b41e24485cea50d1cbac27 -> 
  custom:video-decoder-webm-vp8: 9c59270c3fd7afecdb556c50c9e8de78 -> 
  custom:audio-decoder-ogg-vorbis: bf7c407c2cedff20999df2af8eb42d56 -> 
========================================================================
Received Prepare
Registering precompiled user dll's ...
Registered in 0.035746 seconds.
Begin MonoManager ReloadAssembly
Native extension for WindowsStandalone target not found
Native extension for Android target not found
Refreshing native plugins compatible for Editor in 1.34 ms, found 14 plugins.
Preloading 3 native plugins for Editor in 0.87 ms.
PXRLog [Build Check]RegisterBuildPlayerHandler,Already Do not show: False
UnityEngine.StackTraceUtility:ExtractStackTrace ()
UnityEngine.DebugLogHandler:LogFormat (UnityEngine.LogType,UnityEngine.Object,string,object[])
UnityEngine.Logger:Log (UnityEngine.LogType,object)
UnityEngine.Debug:Log (object)
Unity.XR.PXR.Editor.PXR_SDKBuildCheck:.cctor () (at PICO Unity Integration SDK-3.4.0-20260226/Editor/PXR_SDKBuildCheck.cs:31)
System.Runtime.CompilerServices.RuntimeHelpers:RunClassConstructor (System.RuntimeTypeHandle)
UnityEditor.EditorAssemblies:ProcessInitializeOnLoadAttributes (System.Type[])

(Filename: PICO Unity Integration SDK-3.4.0-20260226/Editor/PXR_SDKBuildCheck.cs Line: 31)

[Package Manager] Server::EnsureServerProcessIsRunning -- launch failed, reason: Unity was launched with the -noUpm command-line argument
[Package Manager] Cannot connect to Unity Package Manager local server
[Package Manager] Server::EnsureServerProcessIsRunning -- launch failed, reason: Unity was launched with the -noUpm command-line argument
[Package Manager] Cannot connect to Unity Package Manager local server
[Package Manager] Server::EnsureServerProcessIsRunning -- launch failed, reason: Unity was launched with the -noUpm command-line argument
[Package Manager] Cannot connect to Unity Package Manager local server
进程外导入时不支持 CreateSerializedAsset
UnityEngine.StackTraceUtility:ExtractStackTrace ()
Unity.XR.PXR.PXR_ProjectSetting:GetProjectConfig () (at PICO Unity Integration SDK-3.4.0-20260226/Runtime/Scripts/PXR_ProjectSetting.cs:125)
Unity.XR.PXR.Editor.PXR_SDKSettingEditor:InitializeOnLoad () (at PICO Unity Integration SDK-3.4.0-20260226/Editor/PXR_SDKSettingEditor.cs:146)
System.Reflection.RuntimeMethodInfo:Invoke (object,System.Reflection.BindingFlags,System.Reflection.Binder,object[],System.Globalization.CultureInfo)
System.Reflection.MethodBase:Invoke (object,object[])
UnityEditor.EditorAssemblies:ProcessInitializeOnLoadMethodAttributes ()

[PICO Unity Integration SDK-3.4.0-20260226/Runtime/Scripts/PXR_ProjectSetting.cs line 125]

System.Reflection.TargetInvocationException: Exception has been thrown by the target of an invocation. ---> UnityEngine.UnityException: Creating asset at path Assets/Resources/PXR_ProjectSetting.asset failed.
  at (wrapper managed-to-native) UnityEditor.AssetDatabase.CreateAsset(UnityEngine.Object,string)
  at Unity.XR.PXR.PXR_ProjectSetting.GetProjectConfig () [0x0016f] in E:\SixBox\RunnerGame\PICO Unity Integration SDK-3.4.0-20260226\Runtime\Scripts\PXR_ProjectSetting.cs:125 
  at Unity.XR.PXR.Editor.PXR_SDKSettingEditor.InitializeOnLoad () [0x00000] in E:\SixBox\RunnerGame\PICO Unity Integration SDK-3.4.0-20260226\Editor\PXR_SDKSettingEditor.cs:146 
  at (wrapper managed-to-native) System.Reflection.RuntimeMethodInfo.InternalInvoke(System.Reflection.RuntimeMethodInfo,object,object[],System.Exception&)
  at System.Reflection.RuntimeMethodInfo.Invoke (System.Object obj, System.Reflection.BindingFlags invokeAttr, System.Reflection.Binder binder, System.Object[] parameters, System.Globalization.CultureInfo culture) [0x0006a] in <688f272cc27c4df98c503f9d1f1267d0>:0 
   --- End of inner exception stack trace ---
  at System.Reflection.RuntimeMethodInfo.Invoke (System.Object obj, System.Reflection.BindingFlags invokeAttr, System.Reflection.Binder binder, System.Object[] parameters, System.Globalization.CultureInfo culture) [0x00083] in <688f272cc27c4df98c503f9d1f1267d0>:0 
  at System.Reflection.MethodBase.Invoke (System.Object obj, System.Object[] parameters) [0x00000] in <688f272cc27c4df98c503f9d1f1267d0>:0 
  at UnityEditor.EditorAssemblies.ProcessInitializeOnLoadMethodAttributes () [0x000a5] in <1518627dacca44efa32edd45bc720c48>:0 
UnityEngine.StackTraceUtility:ExtractStackTrace ()
UnityEngine.DebugLogHandler:LogFormat (UnityEngine.LogType,UnityEngine.Object,string,object[])
UnityEngine.Logger:Log (UnityEngine.LogType,object)
UnityEngine.Debug:LogError (object)
UnityEditor.EditorAssemblies:ProcessInitializeOnLoadMethodAttributes ()

Mono: successfully reloaded assembly
- Completed reload, in  3.078 seconds
Domain Reload Profiling:
	ReloadAssembly (3079ms)
		BeginReloadAssembly (400ms)
			ExecutionOrderSort (0ms)
			DisableScriptedObjects (9ms)
			BackupInstance (0ms)
			ReleaseScriptingObjects (0ms)
			CreateAndSetChildDomain (68ms)
		EndReloadAssembly (2446ms)
			LoadAssemblies (348ms)
			RebuildTransferFunctionScriptingTraits (0ms)
			SetupTypeCache (515ms)
			ReleaseScriptCaches (2ms)
			RebuildScriptCaches (66ms)
			SetupLoadedEditorAssemblies (1533ms)
				LogAssemblyErrors (0ms)
				InitializePlatformSupportModulesInManaged (26ms)
				SetLoadedEditorAssemblies (1ms)
				RefreshPlugins (2ms)
				BeforeProcessingInitializeOnLoad (122ms)
				ProcessInitializeOnLoadAttributes (1278ms)
				ProcessInitializeOnLoadMethodAttributes (62ms)
				AfterProcessingInitializeOnLoad (42ms)
				EditorAssembliesLoaded (0ms)
			ExecutionOrderSort2 (0ms)
			AwakeInstancesAfterBackupRestoration (12ms)
Platform modules already initialized, skipping
Refreshing native plugins compatible for Editor in 6.87 ms, found 14 plugins.
Preloading 3 native plugins for Editor in 1.47 ms.
Unloading 4609 Unused Serialized files (Serialized files now loaded: 0)
Unloading 52 unused Assets / (22.9 KB). Loaded Objects now: 5259.
Memory consumption went from 187.7 MB to 187.7 MB.
Total: 7.921500 ms (FindLiveObjects: 0.446300 ms CreateObjectMapping: 0.359700 ms MarkObjects: 7.028300 ms  DeleteObjects: 0.085100 ms)

AssetImportParameters requested are different than current active one (requested -> active):
  custom:video-decoder-ogg-theora: a1e56fd34408186e4bbccfd4996cb3dc -> 
  custom:container-muxer-webm: aa71ff27fc2769a1b78a27578f13a17b -> 
  custom:container-demuxer-webm: 4f35f7cbe854078d1ac9338744f61a02 -> 
  custom:video-encoder-webm-vp8: eb34c28f22e8b96e1ab97ce403110664 -> 
  custom:video-codec-MediaFoundation-h265: 746d11721c4dcdbdad8f713fa42b33f4 -> 
  custom:CustomObjectIndexerAttribute: bc11b3a6c3213fcdd17b65e7da85e133 -> 
  custom:audio-encoder-webm-vorbis: bf7c407c2cedff20999df2af8eb42d56 -> 
  custom:framework-win-MediaFoundation: 216162199b28c13a410421893ffa2e32 -> 
  custom:SearchIndexIgnoredProperties: e643bd26f0fe6173181afceb89e7c659 -> 
  custom:container-demuxer-ogg: 62fdf1f143b41e24485cea50d1cbac27 -> 
  custom:video-decoder-webm-vp8: 9c59270c3fd7afecdb556c50c9e8de78 -> 
  custom:audio-decoder-ogg-vorbis: bf7c407c2cedff20999df2af8eb42d56 -> 
========================================================================
Received Import Request.
  Time since last request: 1467.484853 seconds.
  path: Assets/Scenes/level2.unity
  artifactKey: Guid(873511b4db171ae499903048940e8b97) Importer(815301076,1909f56bfc062723c751e8b465ee728b)
Number of updated assets reloaded before import = 0
Start importing Assets/Scenes/level2.unity using Guid(873511b4db171ae499903048940e8b97) Importer(815301076,1909f56bfc062723c751e8b465ee728b)  -> (artifact id: '25f4ab5c6ceea496cadf1a95ddd15885') in 0.017520 seconds 
Number of asset objects unloaded after import = 0
========================================================================
Received Import Request.
  Time since last request: 39.380899 seconds.
  path: Assets/Scenes/level1.unity
  artifactKey: Guid(9fc0d4010bbf28b4594072e72b8655ab) Importer(815301076,1909f56bfc062723c751e8b465ee728b)
Number of updated assets reloaded before import = 0
Start importing Assets/Scenes/level1.unity using Guid(9fc0d4010bbf28b4594072e72b8655ab) Importer(815301076,1909f56bfc062723c751e8b465ee728b)  -> (artifact id: '69d34d4cc9de0ff80f864ddf00f257e5') in 0.005809 seconds 
Number of asset objects unloaded after import = 0
========================================================================
Received Import Request.
  Time since last request: 22.219422 seconds.
  path: Packages/com.unity.xr.picoxr/Assets
  artifactKey: Guid(95a4961eddd907e488c8401f73ca2469) Importer(815301076,1909f56bfc062723c751e8b465ee728b)
Number of updated assets reloaded before import = 0
Start importing Packages/com.unity.xr.picoxr/Assets using Guid(95a4961eddd907e488c8401f73ca2469) Importer(815301076,1909f56bfc062723c751e8b465ee728b)  -> (artifact id: '9c60741971c76bf2d3053681e1855ec0') in 0.050774 seconds 
Number of asset objects unloaded after import = 0
========================================================================
Received Import Request.
  Time since last request: 1.863595 seconds.
  path: Packages/com.unity.xr.picoxr/Assets/Resources
  artifactKey: Guid(5dcdbe56c29c68d4283319346098b525) Importer(815301076,1909f56bfc062723c751e8b465ee728b)
Number of updated assets reloaded before import = 0
Start importing Packages/com.unity.xr.picoxr/Assets/Resources using Guid(5dcdbe56c29c68d4283319346098b525) Importer(815301076,1909f56bfc062723c751e8b465ee728b)  -> (artifact id: '7228ecf2e1ada2c20ef5a0f8f448f671') in 0.032673 seconds 
Number of asset objects unloaded after import = 0
========================================================================
Received Prepare
Registering precompiled user dll's ...
Registered in 0.037016 seconds.
Begin MonoManager ReloadAssembly
Native extension for WindowsStandalone target not found
Native extension for Android target not found
Refreshing native plugins compatible for Editor in 1.56 ms, found 14 plugins.
Preloading 3 native plugins for Editor in 1.10 ms.
PXRLog [Build Check]RegisterBuildPlayerHandler,Already Do not show: False
UnityEngine.StackTraceUtility:ExtractStackTrace ()
UnityEngine.DebugLogHandler:LogFormat (UnityEngine.LogType,UnityEngine.Object,string,object[])
UnityEngine.Logger:Log (UnityEngine.LogType,object)
UnityEngine.Debug:Log (object)
Unity.XR.PXR.Editor.PXR_SDKBuildCheck:.cctor () (at PICO Unity Integration SDK-3.4.0-20260226/Editor/PXR_SDKBuildCheck.cs:31)
System.Runtime.CompilerServices.RuntimeHelpers:RunClassConstructor (System.RuntimeTypeHandle)
UnityEditor.EditorAssemblies:ProcessInitializeOnLoadAttributes (System.Type[])

(Filename: PICO Unity Integration SDK-3.4.0-20260226/Editor/PXR_SDKBuildCheck.cs Line: 31)

[Package Manager] Server::EnsureServerProcessIsRunning -- launch failed, reason: Unity was launched with the -noUpm command-line argument
[Package Manager] Cannot connect to Unity Package Manager local server
[Package Manager] Server::EnsureServerProcessIsRunning -- launch failed, reason: Unity was launched with the -noUpm command-line argument
[Package Manager] Cannot connect to Unity Package Manager local server
[Package Manager] Server::EnsureServerProcessIsRunning -- launch failed, reason: Unity was launched with the -noUpm command-line argument
[Package Manager] Cannot connect to Unity Package Manager local server
进程外导入时不支持 CreateSerializedAsset
UnityEngine.StackTraceUtility:ExtractStackTrace ()
Unity.XR.PXR.PXR_ProjectSetting:GetProjectConfig () (at PICO Unity Integration SDK-3.4.0-20260226/Runtime/Scripts/PXR_ProjectSetting.cs:125)
Unity.XR.PXR.Editor.PXR_SDKSettingEditor:InitializeOnLoad () (at PICO Unity Integration SDK-3.4.0-20260226/Editor/PXR_SDKSettingEditor.cs:146)
System.Reflection.RuntimeMethodInfo:Invoke (object,System.Reflection.BindingFlags,System.Reflection.Binder,object[],System.Globalization.CultureInfo)
System.Reflection.MethodBase:Invoke (object,object[])
UnityEditor.EditorAssemblies:ProcessInitializeOnLoadMethodAttributes ()

[PICO Unity Integration SDK-3.4.0-20260226/Runtime/Scripts/PXR_ProjectSetting.cs line 125]

System.Reflection.TargetInvocationException: Exception has been thrown by the target of an invocation. ---> UnityEngine.UnityException: Creating asset at path Assets/Resources/PXR_ProjectSetting.asset failed.
  at (wrapper managed-to-native) UnityEditor.AssetDatabase.CreateAsset(UnityEngine.Object,string)
  at Unity.XR.PXR.PXR_ProjectSetting.GetProjectConfig () [0x0016f] in E:\SixBox\RunnerGame\PICO Unity Integration SDK-3.4.0-20260226\Runtime\Scripts\PXR_ProjectSetting.cs:125 
  at Unity.XR.PXR.Editor.PXR_SDKSettingEditor.InitializeOnLoad () [0x00000] in E:\SixBox\RunnerGame\PICO Unity Integration SDK-3.4.0-20260226\Editor\PXR_SDKSettingEditor.cs:146 
  at (wrapper managed-to-native) System.Reflection.RuntimeMethodInfo.InternalInvoke(System.Reflection.RuntimeMethodInfo,object,object[],System.Exception&)
  at System.Reflection.RuntimeMethodInfo.Invoke (System.Object obj, System.Reflection.BindingFlags invokeAttr, System.Reflection.Binder binder, System.Object[] parameters, System.Globalization.CultureInfo culture) [0x0006a] in <688f272cc27c4df98c503f9d1f1267d0>:0 
   --- End of inner exception stack trace ---
  at System.Reflection.RuntimeMethodInfo.Invoke (System.Object obj, System.Reflection.BindingFlags invokeAttr, System.Reflection.Binder binder, System.Object[] parameters, System.Globalization.CultureInfo culture) [0x00083] in <688f272cc27c4df98c503f9d1f1267d0>:0 
  at System.Reflection.MethodBase.Invoke (System.Object obj, System.Object[] parameters) [0x00000] in <688f272cc27c4df98c503f9d1f1267d0>:0 
  at UnityEditor.EditorAssemblies.ProcessInitializeOnLoadMethodAttributes () [0x000a5] in <1518627dacca44efa32edd45bc720c48>:0 
UnityEngine.StackTraceUtility:ExtractStackTrace ()
UnityEngine.DebugLogHandler:LogFormat (UnityEngine.LogType,UnityEngine.Object,string,object[])
UnityEngine.Logger:Log (UnityEngine.LogType,object)
UnityEngine.Debug:LogError (object)
UnityEditor.EditorAssemblies:ProcessInitializeOnLoadMethodAttributes ()

Mono: successfully reloaded assembly
- Completed reload, in  3.329 seconds
Domain Reload Profiling:
	ReloadAssembly (3330ms)
		BeginReloadAssembly (421ms)
			ExecutionOrderSort (0ms)
			DisableScriptedObjects (6ms)
			BackupInstance (0ms)
			ReleaseScriptingObjects (0ms)
			CreateAndSetChildDomain (71ms)
		EndReloadAssembly (2657ms)
			LoadAssemblies (376ms)
			RebuildTransferFunctionScriptingTraits (0ms)
			SetupTypeCache (538ms)
			ReleaseScriptCaches (2ms)
			RebuildScriptCaches (73ms)
			SetupLoadedEditorAssemblies (1682ms)
				LogAssemblyErrors (0ms)
				InitializePlatformSupportModulesInManaged (29ms)
				SetLoadedEditorAssemblies (1ms)
				RefreshPlugins (3ms)
				BeforeProcessingInitializeOnLoad (133ms)
				ProcessInitializeOnLoadAttributes (1402ms)
				ProcessInitializeOnLoadMethodAttributes (71ms)
				AfterProcessingInitializeOnLoad (43ms)
				EditorAssembliesLoaded (0ms)
			ExecutionOrderSort2 (0ms)
			AwakeInstancesAfterBackupRestoration (9ms)
Platform modules already initialized, skipping
Refreshing native plugins compatible for Editor in 1.57 ms, found 14 plugins.
Preloading 3 native plugins for Editor in 0.81 ms.
Unloading 4609 Unused Serialized files (Serialized files now loaded: 0)
Unloading 52 unused Assets / (23.0 KB). Loaded Objects now: 5264.
Memory consumption went from 187.7 MB to 187.7 MB.
Total: 5.603900 ms (FindLiveObjects: 0.478800 ms CreateObjectMapping: 0.409400 ms MarkObjects: 4.648800 ms  DeleteObjects: 0.065900 ms)

AssetImportParameters requested are different than current active one (requested -> active):
  custom:video-decoder-ogg-theora: a1e56fd34408186e4bbccfd4996cb3dc -> 
  custom:container-muxer-webm: aa71ff27fc2769a1b78a27578f13a17b -> 
  custom:container-demuxer-webm: 4f35f7cbe854078d1ac9338744f61a02 -> 
  custom:video-encoder-webm-vp8: eb34c28f22e8b96e1ab97ce403110664 -> 
  custom:video-codec-MediaFoundation-h265: 746d11721c4dcdbdad8f713fa42b33f4 -> 
  custom:CustomObjectIndexerAttribute: bc11b3a6c3213fcdd17b65e7da85e133 -> 
  custom:audio-encoder-webm-vorbis: bf7c407c2cedff20999df2af8eb42d56 -> 
  custom:framework-win-MediaFoundation: 216162199b28c13a410421893ffa2e32 -> 
  custom:SearchIndexIgnoredProperties: e643bd26f0fe6173181afceb89e7c659 -> 
  custom:container-demuxer-ogg: 62fdf1f143b41e24485cea50d1cbac27 -> 
  custom:video-decoder-webm-vp8: 9c59270c3fd7afecdb556c50c9e8de78 -> 
  custom:audio-decoder-ogg-vorbis: bf7c407c2cedff20999df2af8eb42d56 -> 
========================================================================
Received Prepare
Refreshing native plugins compatible for Editor in 67.51 ms, found 14 plugins.
Preloading 3 native plugins for Editor in 0.85 ms.
Unloading 48 Unused Serialized files (Serialized files now loaded: 0)
Unloading 48 unused Assets / (22.9 KB). Loaded Objects now: 5264.
Memory consumption went from 96.5 MB to 96.5 MB.
Total: 7.248000 ms (FindLiveObjects: 0.520700 ms CreateObjectMapping: 0.246500 ms MarkObjects: 6.401500 ms  DeleteObjects: 0.078000 ms)

AssetImportParameters requested are different than current active one (requested -> active):
  custom:video-decoder-ogg-theora: a1e56fd34408186e4bbccfd4996cb3dc -> 
  custom:container-muxer-webm: aa71ff27fc2769a1b78a27578f13a17b -> 
  custom:container-demuxer-webm: 4f35f7cbe854078d1ac9338744f61a02 -> 
  custom:video-encoder-webm-vp8: eb34c28f22e8b96e1ab97ce403110664 -> 
  custom:video-codec-MediaFoundation-h265: 746d11721c4dcdbdad8f713fa42b33f4 -> 
  custom:CustomObjectIndexerAttribute: bc11b3a6c3213fcdd17b65e7da85e133 -> 
  custom:audio-encoder-webm-vorbis: bf7c407c2cedff20999df2af8eb42d56 -> 
  custom:framework-win-MediaFoundation: 216162199b28c13a410421893ffa2e32 -> 
  custom:SearchIndexIgnoredProperties: e643bd26f0fe6173181afceb89e7c659 -> 
  custom:container-demuxer-ogg: 62fdf1f143b41e24485cea50d1cbac27 -> 
  custom:video-decoder-webm-vp8: 9c59270c3fd7afecdb556c50c9e8de78 -> 
  custom:audio-decoder-ogg-vorbis: bf7c407c2cedff20999df2af8eb42d56 -> 
========================================================================
Received Import Request.
  Time since last request: 968.381282 seconds.
  path: Assets/Scenes/level2.unity
  artifactKey: Guid(873511b4db171ae499903048940e8b97) Importer(815301076,1909f56bfc062723c751e8b465ee728b)
Number of updated assets reloaded before import = 0
Start importing Assets/Scenes/level2.unity using Guid(873511b4db171ae499903048940e8b97) Importer(815301076,1909f56bfc062723c751e8b465ee728b)  -> (artifact id: '889f0a28fb22aa9ec3530b526157c73e') in 0.102444 seconds 
Number of asset objects unloaded after import = 0
========================================================================
Received Import Request.
  Time since last request: 86.718677 seconds.
  path: Assets/Scenes/level1.unity
  artifactKey: Guid(9fc0d4010bbf28b4594072e72b8655ab) Importer(815301076,1909f56bfc062723c751e8b465ee728b)
Number of updated assets reloaded before import = 0
Start importing Assets/Scenes/level1.unity using Guid(9fc0d4010bbf28b4594072e72b8655ab) Importer(815301076,1909f56bfc062723c751e8b465ee728b)  -> (artifact id: '1fe87a68aee1c28946db76ee3e994877') in 0.016408 seconds 
Number of asset objects unloaded after import = 0
========================================================================
Received Import Request.
  Time since last request: 214.735118 seconds.
  path: Assets/Scenes/hand.unity
  artifactKey: Guid(42c6f05319be1154c8ea341333fa5683) Importer(815301076,1909f56bfc062723c751e8b465ee728b)
Number of updated assets reloaded before import = 0
Start importing Assets/Scenes/hand.unity using Guid(42c6f05319be1154c8ea341333fa5683) Importer(815301076,1909f56bfc062723c751e8b465ee728b)  -> (artifact id: 'd1f987e8ed336a991a6d88865305db73') in 0.048121 seconds 
Number of asset objects unloaded after import = 0
========================================================================
Received Import Request.
  Time since last request: 147.664693 seconds.
  path: Assets/PXR_HandPoseConfig_0517075016.asset
  artifactKey: Guid(ab45c586026fac94397ebf4fe4ca9063) Importer(815301076,1909f56bfc062723c751e8b465ee728b)
Number of updated assets reloaded before import = 0
Start importing Assets/PXR_HandPoseConfig_0517075016.asset using Guid(ab45c586026fac94397ebf4fe4ca9063) Importer(815301076,1909f56bfc062723c751e8b465ee728b)  -> (artifact id: '4aa4b7cb8c72cee86773b7ba6896e0b7') in 0.216705 seconds 
Number of asset objects unloaded after import = 1
========================================================================
Received Import Request.
  Time since last request: 45.045930 seconds.
  path: Assets/PXR_HandPoseConfig_0517075049.asset
  artifactKey: Guid(fe1877a75f27c084688c6911290ed83d) Importer(815301076,1909f56bfc062723c751e8b465ee728b)
Number of updated assets reloaded before import = 0
Start importing Assets/PXR_HandPoseConfig_0517075049.asset using Guid(fe1877a75f27c084688c6911290ed83d) Importer(815301076,1909f56bfc062723c751e8b465ee728b)  -> (artifact id: 'adef8fd25e5926e466250030156abaf1') in 0.020178 seconds 
Number of asset objects unloaded after import = 1
========================================================================
Received Import Request.
  Time since last request: 66.717437 seconds.
  path: Assets/PXR_HandPoseConfig_0517075212.asset
  artifactKey: Guid(374b4d49c81ab274c99ea3547740223d) Importer(815301076,1909f56bfc062723c751e8b465ee728b)
Number of updated assets reloaded before import = 0
Start importing Assets/PXR_HandPoseConfig_0517075212.asset using Guid(374b4d49c81ab274c99ea3547740223d) Importer(815301076,1909f56bfc062723c751e8b465ee728b)  -> (artifact id: 'd77a8ef980d347c684ebeb3400d25af8') in 0.018031 seconds 
Number of asset objects unloaded after import = 1
========================================================================
Received Import Request.
  Time since last request: 127.145630 seconds.
  path: Assets/PXR_HandPoseConfig_0517075419.asset
  artifactKey: Guid(be4772b70e7eb1a42817a37d01df202d) Importer(815301076,1909f56bfc062723c751e8b465ee728b)
Number of updated assets reloaded before import = 0
Start importing Assets/PXR_HandPoseConfig_0517075419.asset using Guid(be4772b70e7eb1a42817a37d01df202d) Importer(815301076,1909f56bfc062723c751e8b465ee728b)  -> (artifact id: 'dc67672c84dc84c6f2c28c8fb0c03a5b') in 0.017097 seconds 
Number of asset objects unloaded after import = 1
========================================================================
Received Prepare
Registering precompiled user dll's ...
Registered in 0.065587 seconds.
Begin MonoManager ReloadAssembly
Native extension for WindowsStandalone target not found
Native extension for Android target not found
Refreshing native plugins compatible for Editor in 4.37 ms, found 14 plugins.
Preloading 3 native plugins for Editor in 1.74 ms.
PXRLog [Build Check]RegisterBuildPlayerHandler,Already Do not show: False
UnityEngine.StackTraceUtility:ExtractStackTrace ()
UnityEngine.DebugLogHandler:LogFormat (UnityEngine.LogType,UnityEngine.Object,string,object[])
UnityEngine.Logger:Log (UnityEngine.LogType,object)
UnityEngine.Debug:Log (object)
Unity.XR.PXR.Editor.PXR_SDKBuildCheck:.cctor () (at PICO Unity Integration SDK-3.4.0-20260226/Editor/PXR_SDKBuildCheck.cs:31)
System.Runtime.CompilerServices.RuntimeHelpers:RunClassConstructor (System.RuntimeTypeHandle)
UnityEditor.EditorAssemblies:ProcessInitializeOnLoadAttributes (System.Type[])

(Filename: PICO Unity Integration SDK-3.4.0-20260226/Editor/PXR_SDKBuildCheck.cs Line: 31)

[Package Manager] Server::EnsureServerProcessIsRunning -- launch failed, reason: Unity was launched with the -noUpm command-line argument
[Package Manager] Cannot connect to Unity Package Manager local server
[Package Manager] Server::EnsureServerProcessIsRunning -- launch failed, reason: Unity was launched with the -noUpm command-line argument
[Package Manager] Cannot connect to Unity Package Manager local server
[Package Manager] Server::EnsureServerProcessIsRunning -- launch failed, reason: Unity was launched with the -noUpm command-line argument
[Package Manager] Cannot connect to Unity Package Manager local server
进程外导入时不支持 CreateSerializedAsset
UnityEngine.StackTraceUtility:ExtractStackTrace ()
Unity.XR.PXR.PXR_ProjectSetting:GetProjectConfig () (at PICO Unity Integration SDK-3.4.0-20260226/Runtime/Scripts/PXR_ProjectSetting.cs:125)
Unity.XR.PXR.Editor.PXR_SDKSettingEditor:InitializeOnLoad () (at PICO Unity Integration SDK-3.4.0-20260226/Editor/PXR_SDKSettingEditor.cs:146)
System.Reflection.RuntimeMethodInfo:Invoke (object,System.Reflection.BindingFlags,System.Reflection.Binder,object[],System.Globalization.CultureInfo)
System.Reflection.MethodBase:Invoke (object,object[])
UnityEditor.EditorAssemblies:ProcessInitializeOnLoadMethodAttributes ()

[PICO Unity Integration SDK-3.4.0-20260226/Runtime/Scripts/PXR_ProjectSetting.cs line 125]

System.Reflection.TargetInvocationException: Exception has been thrown by the target of an invocation. ---> UnityEngine.UnityException: Creating asset at path Assets/Resources/PXR_ProjectSetting.asset failed.
  at (wrapper managed-to-native) UnityEditor.AssetDatabase.CreateAsset(UnityEngine.Object,string)
  at Unity.XR.PXR.PXR_ProjectSetting.GetProjectConfig () [0x0016f] in E:\SixBox\RunnerGame\PICO Unity Integration SDK-3.4.0-20260226\Runtime\Scripts\PXR_ProjectSetting.cs:125 
  at Unity.XR.PXR.Editor.PXR_SDKSettingEditor.InitializeOnLoad () [0x00000] in E:\SixBox\RunnerGame\PICO Unity Integration SDK-3.4.0-20260226\Editor\PXR_SDKSettingEditor.cs:146 
  at (wrapper managed-to-native) System.Reflection.RuntimeMethodInfo.InternalInvoke(System.Reflection.RuntimeMethodInfo,object,object[],System.Exception&)
  at System.Reflection.RuntimeMethodInfo.Invoke (System.Object obj, System.Reflection.BindingFlags invokeAttr, System.Reflection.Binder binder, System.Object[] parameters, System.Globalization.CultureInfo culture) [0x0006a] in <688f272cc27c4df98c503f9d1f1267d0>:0 
   --- End of inner exception stack trace ---
  at System.Reflection.RuntimeMethodInfo.Invoke (System.Object obj, System.Reflection.BindingFlags invokeAttr, System.Reflection.Binder binder, System.Object[] parameters, System.Globalization.CultureInfo culture) [0x00083] in <688f272cc27c4df98c503f9d1f1267d0>:0 
  at System.Reflection.MethodBase.Invoke (System.Object obj, System.Object[] parameters) [0x00000] in <688f272cc27c4df98c503f9d1f1267d0>:0 
  at UnityEditor.EditorAssemblies.ProcessInitializeOnLoadMethodAttributes () [0x000a5] in <1518627dacca44efa32edd45bc720c48>:0 
UnityEngine.StackTraceUtility:ExtractStackTrace ()
UnityEngine.DebugLogHandler:LogFormat (UnityEngine.LogType,UnityEngine.Object,string,object[])
UnityEngine.Logger:Log (UnityEngine.LogType,object)
UnityEngine.Debug:LogError (object)
UnityEditor.EditorAssemblies:ProcessInitializeOnLoadMethodAttributes ()

Mono: successfully reloaded assembly
- Completed reload, in  4.890 seconds
Domain Reload Profiling:
	ReloadAssembly (4893ms)
		BeginReloadAssembly (986ms)
			ExecutionOrderSort (0ms)
			DisableScriptedObjects (35ms)
			BackupInstance (0ms)
			ReleaseScriptingObjects (0ms)
			CreateAndSetChildDomain (363ms)
		EndReloadAssembly (3558ms)
			LoadAssemblies (576ms)
			RebuildTransferFunctionScriptingTraits (0ms)
			SetupTypeCache (775ms)
			ReleaseScriptCaches (2ms)
			RebuildScriptCaches (94ms)
			SetupLoadedEditorAssemblies (2155ms)
				LogAssemblyErrors (0ms)
				InitializePlatformSupportModulesInManaged (41ms)
				SetLoadedEditorAssemblies (1ms)
				RefreshPlugins (6ms)
				BeforeProcessingInitializeOnLoad (169ms)
				ProcessInitializeOnLoadAttributes (1773ms)
				ProcessInitializeOnLoadMethodAttributes (103ms)
				AfterProcessingInitializeOnLoad (61ms)
				EditorAssembliesLoaded (0ms)
			ExecutionOrderSort2 (0ms)
			AwakeInstancesAfterBackupRestoration (16ms)
Platform modules already initialized, skipping
Refreshing native plugins compatible for Editor in 2.52 ms, found 14 plugins.
Preloading 3 native plugins for Editor in 2.01 ms.
Unloading 4609 Unused Serialized files (Serialized files now loaded: 0)
Unloading 52 unused Assets / (23.0 KB). Loaded Objects now: 5269.
Memory consumption went from 187.7 MB to 187.7 MB.
Total: 11.379800 ms (FindLiveObjects: 0.517500 ms CreateObjectMapping: 0.391500 ms MarkObjects: 10.324500 ms  DeleteObjects: 0.144600 ms)

AssetImportParameters requested are different than current active one (requested -> active):
  custom:video-decoder-ogg-theora: a1e56fd34408186e4bbccfd4996cb3dc -> 
  custom:container-muxer-webm: aa71ff27fc2769a1b78a27578f13a17b -> 
  custom:container-demuxer-webm: 4f35f7cbe854078d1ac9338744f61a02 -> 
  custom:video-encoder-webm-vp8: eb34c28f22e8b96e1ab97ce403110664 -> 
  custom:video-codec-MediaFoundation-h265: 746d11721c4dcdbdad8f713fa42b33f4 -> 
  custom:CustomObjectIndexerAttribute: bc11b3a6c3213fcdd17b65e7da85e133 -> 
  custom:audio-encoder-webm-vorbis: bf7c407c2cedff20999df2af8eb42d56 -> 
  custom:framework-win-MediaFoundation: 216162199b28c13a410421893ffa2e32 -> 
  custom:SearchIndexIgnoredProperties: e643bd26f0fe6173181afceb89e7c659 -> 
  custom:container-demuxer-ogg: 62fdf1f143b41e24485cea50d1cbac27 -> 
  custom:video-decoder-webm-vp8: 9c59270c3fd7afecdb556c50c9e8de78 -> 
  custom:audio-decoder-ogg-vorbis: bf7c407c2cedff20999df2af8eb42d56 -> 
========================================================================
Received Prepare
Registering precompiled user dll's ...
Registered in 0.056967 seconds.
Begin MonoManager ReloadAssembly
Native extension for WindowsStandalone target not found
Native extension for Android target not found
Refreshing native plugins compatible for Editor in 2.59 ms, found 14 plugins.
Preloading 3 native plugins for Editor in 1.30 ms.
PXRLog [Build Check]RegisterBuildPlayerHandler,Already Do not show: False
UnityEngine.StackTraceUtility:ExtractStackTrace ()
UnityEngine.DebugLogHandler:LogFormat (UnityEngine.LogType,UnityEngine.Object,string,object[])
UnityEngine.Logger:Log (UnityEngine.LogType,object)
UnityEngine.Debug:Log (object)
Unity.XR.PXR.Editor.PXR_SDKBuildCheck:.cctor () (at PICO Unity Integration SDK-3.4.0-20260226/Editor/PXR_SDKBuildCheck.cs:31)
System.Runtime.CompilerServices.RuntimeHelpers:RunClassConstructor (System.RuntimeTypeHandle)
UnityEditor.EditorAssemblies:ProcessInitializeOnLoadAttributes (System.Type[])

(Filename: PICO Unity Integration SDK-3.4.0-20260226/Editor/PXR_SDKBuildCheck.cs Line: 31)

[Package Manager] Server::EnsureServerProcessIsRunning -- launch failed, reason: Unity was launched with the -noUpm command-line argument
[Package Manager] Cannot connect to Unity Package Manager local server
[Package Manager] Server::EnsureServerProcessIsRunning -- launch failed, reason: Unity was launched with the -noUpm command-line argument
[Package Manager] Cannot connect to Unity Package Manager local server
[Package Manager] Server::EnsureServerProcessIsRunning -- launch failed, reason: Unity was launched with the -noUpm command-line argument
[Package Manager] Cannot connect to Unity Package Manager local server
进程外导入时不支持 CreateSerializedAsset
UnityEngine.StackTraceUtility:ExtractStackTrace ()
Unity.XR.PXR.PXR_ProjectSetting:GetProjectConfig () (at PICO Unity Integration SDK-3.4.0-20260226/Runtime/Scripts/PXR_ProjectSetting.cs:125)
Unity.XR.PXR.Editor.PXR_SDKSettingEditor:InitializeOnLoad () (at PICO Unity Integration SDK-3.4.0-20260226/Editor/PXR_SDKSettingEditor.cs:146)
System.Reflection.RuntimeMethodInfo:Invoke (object,System.Reflection.BindingFlags,System.Reflection.Binder,object[],System.Globalization.CultureInfo)
System.Reflection.MethodBase:Invoke (object,object[])
UnityEditor.EditorAssemblies:ProcessInitializeOnLoadMethodAttributes ()

[PICO Unity Integration SDK-3.4.0-20260226/Runtime/Scripts/PXR_ProjectSetting.cs line 125]

System.Reflection.TargetInvocationException: Exception has been thrown by the target of an invocation. ---> UnityEngine.UnityException: Creating asset at path Assets/Resources/PXR_ProjectSetting.asset failed.
  at (wrapper managed-to-native) UnityEditor.AssetDatabase.CreateAsset(UnityEngine.Object,string)
  at Unity.XR.PXR.PXR_ProjectSetting.GetProjectConfig () [0x0016f] in E:\SixBox\RunnerGame\PICO Unity Integration SDK-3.4.0-20260226\Runtime\Scripts\PXR_ProjectSetting.cs:125 
  at Unity.XR.PXR.Editor.PXR_SDKSettingEditor.InitializeOnLoad () [0x00000] in E:\SixBox\RunnerGame\PICO Unity Integration SDK-3.4.0-20260226\Editor\PXR_SDKSettingEditor.cs:146 
  at (wrapper managed-to-native) System.Reflection.RuntimeMethodInfo.InternalInvoke(System.Reflection.RuntimeMethodInfo,object,object[],System.Exception&)
  at System.Reflection.RuntimeMethodInfo.Invoke (System.Object obj, System.Reflection.BindingFlags invokeAttr, System.Reflection.Binder binder, System.Object[] parameters, System.Globalization.CultureInfo culture) [0x0006a] in <688f272cc27c4df98c503f9d1f1267d0>:0 
   --- End of inner exception stack trace ---
  at System.Reflection.RuntimeMethodInfo.Invoke (System.Object obj, System.Reflection.BindingFlags invokeAttr, System.Reflection.Binder binder, System.Object[] parameters, System.Globalization.CultureInfo culture) [0x00083] in <688f272cc27c4df98c503f9d1f1267d0>:0 
  at System.Reflection.MethodBase.Invoke (System.Object obj, System.Object[] parameters) [0x00000] in <688f272cc27c4df98c503f9d1f1267d0>:0 
  at UnityEditor.EditorAssemblies.ProcessInitializeOnLoadMethodAttributes () [0x000a5] in <1518627dacca44efa32edd45bc720c48>:0 
UnityEngine.StackTraceUtility:ExtractStackTrace ()
UnityEngine.DebugLogHandler:LogFormat (UnityEngine.LogType,UnityEngine.Object,string,object[])
UnityEngine.Logger:Log (UnityEngine.LogType,object)
UnityEngine.Debug:LogError (object)
UnityEditor.EditorAssemblies:ProcessInitializeOnLoadMethodAttributes ()

Mono: successfully reloaded assembly
- Completed reload, in  4.464 seconds
Domain Reload Profiling:
	ReloadAssembly (4466ms)
		BeginReloadAssembly (566ms)
			ExecutionOrderSort (0ms)
			DisableScriptedObjects (10ms)
			BackupInstance (0ms)
			ReleaseScriptingObjects (0ms)
			CreateAndSetChildDomain (84ms)
		EndReloadAssembly (3497ms)
			LoadAssemblies (497ms)
			RebuildTransferFunctionScriptingTraits (0ms)
			SetupTypeCache (759ms)
			ReleaseScriptCaches (2ms)
			RebuildScriptCaches (106ms)
			SetupLoadedEditorAssemblies (2158ms)
				LogAssemblyErrors (0ms)
				InitializePlatformSupportModulesInManaged (36ms)
				SetLoadedEditorAssemblies (1ms)
				RefreshPlugins (4ms)
				BeforeProcessingInitializeOnLoad (177ms)
				ProcessInitializeOnLoadAttributes (1778ms)
				ProcessInitializeOnLoadMethodAttributes (96ms)
				AfterProcessingInitializeOnLoad (65ms)
				EditorAssembliesLoaded (1ms)
			ExecutionOrderSort2 (0ms)
			AwakeInstancesAfterBackupRestoration (17ms)
Platform modules already initialized, skipping
Refreshing native plugins compatible for Editor in 2.43 ms, found 14 plugins.
Preloading 3 native plugins for Editor in 1.88 ms.
Unloading 4609 Unused Serialized files (Serialized files now loaded: 0)
Unloading 52 unused Assets / (23.0 KB). Loaded Objects now: 5274.
Memory consumption went from 187.7 MB to 187.7 MB.
Total: 8.761300 ms (FindLiveObjects: 0.812100 ms CreateObjectMapping: 0.355800 ms MarkObjects: 7.532000 ms  DeleteObjects: 0.059200 ms)

AssetImportParameters requested are different than current active one (requested -> active):
  custom:video-decoder-ogg-theora: a1e56fd34408186e4bbccfd4996cb3dc -> 
  custom:container-muxer-webm: aa71ff27fc2769a1b78a27578f13a17b -> 
  custom:container-demuxer-webm: 4f35f7cbe854078d1ac9338744f61a02 -> 
  custom:video-encoder-webm-vp8: eb34c28f22e8b96e1ab97ce403110664 -> 
  custom:video-codec-MediaFoundation-h265: 746d11721c4dcdbdad8f713fa42b33f4 -> 
  custom:CustomObjectIndexerAttribute: bc11b3a6c3213fcdd17b65e7da85e133 -> 
  custom:audio-encoder-webm-vorbis: bf7c407c2cedff20999df2af8eb42d56 -> 
  custom:framework-win-MediaFoundation: 216162199b28c13a410421893ffa2e32 -> 
  custom:SearchIndexIgnoredProperties: e643bd26f0fe6173181afceb89e7c659 -> 
  custom:container-demuxer-ogg: 62fdf1f143b41e24485cea50d1cbac27 -> 
  custom:video-decoder-webm-vp8: 9c59270c3fd7afecdb556c50c9e8de78 -> 
  custom:audio-decoder-ogg-vorbis: bf7c407c2cedff20999df2af8eb42d56 -> 
========================================================================
Received Import Request.
  Time since last request: 448.809316 seconds.
  path: Assets/hand
  artifactKey: Guid(f68881335b674aa4b886530de607d01d) Importer(815301076,1909f56bfc062723c751e8b465ee728b)
Number of updated assets reloaded before import = 0
Start importing Assets/hand using Guid(f68881335b674aa4b886530de607d01d) Importer(815301076,1909f56bfc062723c751e8b465ee728b)  -> (artifact id: 'e6e52d72c6ea11ea472423ab73717991') in 0.029472 seconds 
Number of asset objects unloaded after import = 0
========================================================================
Received Import Request.
  Time since last request: 26.506573 seconds.
  path: Assets/PXR_HandPoseConfig_0517080213.asset
  artifactKey: Guid(d90cf3f923dda1d4db46d388a426469f) Importer(815301076,1909f56bfc062723c751e8b465ee728b)
Number of updated assets reloaded before import = 0
Start importing Assets/PXR_HandPoseConfig_0517080213.asset using Guid(d90cf3f923dda1d4db46d388a426469f) Importer(815301076,1909f56bfc062723c751e8b465ee728b)  -> (artifact id: '8a6b16d7e8e2e7464c4794aa2fea8df3') in 0.033299 seconds 
Number of asset objects unloaded after import = 1
========================================================================
Received Import Request.
  Time since last request: 30.807307 seconds.
  path: Assets/RightVSign.asset
  artifactKey: Guid(d90cf3f923dda1d4db46d388a426469f) Importer(815301076,1909f56bfc062723c751e8b465ee728b)
Number of updated assets reloaded before import = 0
Start importing Assets/RightVSign.asset using Guid(d90cf3f923dda1d4db46d388a426469f) Importer(815301076,1909f56bfc062723c751e8b465ee728b)  -> (artifact id: '7848736bd541ca3309c3d1f4ad2ccbc9') in 0.018534 seconds 
Number of asset objects unloaded after import = 1
========================================================================
Received Import Request.
  Time since last request: 178.473138 seconds.
  path: Assets/PXR_HandPoseConfig_0517080544.asset
  artifactKey: Guid(f9130b66cf77c03408796705fc37eff9) Importer(815301076,1909f56bfc062723c751e8b465ee728b)
Number of updated assets reloaded before import = 0
Start importing Assets/PXR_HandPoseConfig_0517080544.asset using Guid(f9130b66cf77c03408796705fc37eff9) Importer(815301076,1909f56bfc062723c751e8b465ee728b)  -> (artifact id: '2f5c02885404fc2d1a0ed2b71cb8ac79') in 0.021539 seconds 
Number of asset objects unloaded after import = 1
========================================================================
Received Import Request.
  Time since last request: 6.425897 seconds.
  path: Assets/hand/RightVSign.asset
  artifactKey: Guid(f9130b66cf77c03408796705fc37eff9) Importer(815301076,1909f56bfc062723c751e8b465ee728b)
Number of updated assets reloaded before import = 0
Start importing Assets/hand/RightVSign.asset using Guid(f9130b66cf77c03408796705fc37eff9) Importer(815301076,1909f56bfc062723c751e8b465ee728b)  -> (artifact id: 'ea2495873b5430380c4766a2f0f302e9') in 0.005874 seconds 
Number of asset objects unloaded after import = 1
========================================================================
Received Import Request.
  Time since last request: 351.538906 seconds.
  path: Packages/com.unity.testtools.codecoverage/Editor/CodeCoverage.Editor.asmdef
  artifactKey: Guid(37180d43aa4b85c4b9076e2ef48a3b2a) Importer(815301076,1909f56bfc062723c751e8b465ee728b)
Number of updated assets reloaded before import = 0
Start importing Packages/com.unity.testtools.codecoverage/Editor/CodeCoverage.Editor.asmdef using Guid(37180d43aa4b85c4b9076e2ef48a3b2a) Importer(815301076,1909f56bfc062723c751e8b465ee728b)  -> (artifact id: 'd30bb53b1cebaa46fd4d90a7b7afd8ee') in 0.036719 seconds 
Number of asset objects unloaded after import = 0
========================================================================
Received Import Request.
  Time since last request: 83.184224 seconds.
  path: Assets/PXR_HandPoseConfig_0517081304.asset
  artifactKey: Guid(4bdcad7127882d9439de04a083b2e050) Importer(815301076,1909f56bfc062723c751e8b465ee728b)
Number of updated assets reloaded before import = 0
Start importing Assets/PXR_HandPoseConfig_0517081304.asset using Guid(4bdcad7127882d9439de04a083b2e050) Importer(815301076,1909f56bfc062723c751e8b465ee728b)  -> (artifact id: '92e59134e187564e12b67e5e6639d345') in 0.020492 seconds 
Number of asset objects unloaded after import = 1
========================================================================
Received Import Request.
  Time since last request: 5.782904 seconds.
  path: Assets/hand/RightVSign.asset
  artifactKey: Guid(4bdcad7127882d9439de04a083b2e050) Importer(815301076,1909f56bfc062723c751e8b465ee728b)
Number of updated assets reloaded before import = 0
Start importing Assets/hand/RightVSign.asset using Guid(4bdcad7127882d9439de04a083b2e050) Importer(815301076,1909f56bfc062723c751e8b465ee728b)  -> (artifact id: 'd3f313bb5d7fe4f52912443f247e219c') in 0.005515 seconds 
Number of asset objects unloaded after import = 1
========================================================================
Received Import Request.
  Time since last request: 179.272475 seconds.
  path: Assets/Samples/XR Interaction Toolkit/2.4.3/Starter Assets/Prefabs/Controllers/XR Controller Left.prefab
  artifactKey: Guid(1392f805216c47742996d4742c80721c) Importer(815301076,1909f56bfc062723c751e8b465ee728b)
Number of updated assets reloaded before import = 0
Start importing Assets/Samples/XR Interaction Toolkit/2.4.3/Starter Assets/Prefabs/Controllers/XR Controller Left.prefab using Guid(1392f805216c47742996d4742c80721c) Importer(815301076,1909f56bfc062723c751e8b465ee728b)  -> (artifact id: '0be05e7aef148d39b0c499620496f60c') in 0.463432 seconds 
Number of asset objects unloaded after import = 93
========================================================================
Received Import Request.
  Time since last request: 360.641041 seconds.
  path: Assets/PXR_HandPoseConfig_0517082210.asset
  artifactKey: Guid(4b8bbf6d0ae0ca247a6e7db08a894a4e) Importer(815301076,1909f56bfc062723c751e8b465ee728b)
Number of updated assets reloaded before import = 0
Start importing Assets/PXR_HandPoseConfig_0517082210.asset using Guid(4b8bbf6d0ae0ca247a6e7db08a894a4e) Importer(815301076,1909f56bfc062723c751e8b465ee728b)  -> (artifact id: 'b40a6da306ad2d186893824e1f7d3926') in 0.018758 seconds 
Number of asset objects unloaded after import = 1
========================================================================
Received Import Request.
  Time since last request: 65.208939 seconds.
  path: Assets/PXR_HandPoseConfig_0517082316.asset
  artifactKey: Guid(67e7935ddf89aaf429bfc5038b3f7705) Importer(815301076,1909f56bfc062723c751e8b465ee728b)
Number of updated assets reloaded before import = 0
Start importing Assets/PXR_HandPoseConfig_0517082316.asset using Guid(67e7935ddf89aaf429bfc5038b3f7705) Importer(815301076,1909f56bfc062723c751e8b465ee728b)  -> (artifact id: '10aadc8cf8e5888db913647bbfe2ab06') in 0.016663 seconds 
Number of asset objects unloaded after import = 1
========================================================================
Received Import Request.
  Time since last request: 6.982267 seconds.
  path: Assets/hand/RightVSign.asset
  artifactKey: Guid(67e7935ddf89aaf429bfc5038b3f7705) Importer(815301076,1909f56bfc062723c751e8b465ee728b)
Number of updated assets reloaded before import = 0
Start importing Assets/hand/RightVSign.asset using Guid(67e7935ddf89aaf429bfc5038b3f7705) Importer(815301076,1909f56bfc062723c751e8b465ee728b)  -> (artifact id: 'be6eeac773721271c0a668aa867b8605') in 0.010671 seconds 
Number of asset objects unloaded after import = 1
========================================================================
Received Import Request.
  Time since last request: 265.800030 seconds.
  path: Assets/PXR_HandPoseConfig_0517082748.asset
  artifactKey: Guid(162cacc70e171f445af1f99694812625) Importer(815301076,1909f56bfc062723c751e8b465ee728b)
Number of updated assets reloaded before import = 0
Start importing Assets/PXR_HandPoseConfig_0517082748.asset using Guid(162cacc70e171f445af1f99694812625) Importer(815301076,1909f56bfc062723c751e8b465ee728b)  -> (artifact id: 'ef96c7ef5cff2068b7f1bcf44dff0843') in 0.020277 seconds 
Number of asset objects unloaded after import = 1
========================================================================
Received Import Request.
  Time since last request: 20.718708 seconds.
  path: Assets/hand/LeftThumbsUp.asset
  artifactKey: Guid(162cacc70e171f445af1f99694812625) Importer(815301076,1909f56bfc062723c751e8b465ee728b)
Number of updated assets reloaded before import = 0
Start importing Assets/hand/LeftThumbsUp.asset using Guid(162cacc70e171f445af1f99694812625) Importer(815301076,1909f56bfc062723c751e8b465ee728b)  -> (artifact id: '7bd4b6bf0ce4532de9e1fa46852f1f1c') in 0.015488 seconds 
Number of asset objects unloaded after import = 1
========================================================================
Received Import Request.
  Time since last request: 35.138565 seconds.
  path: Assets/PXR_HandPoseConfig_0517082844.asset
  artifactKey: Guid(f3e104cc1b3ff1841ace95c176a51b83) Importer(815301076,1909f56bfc062723c751e8b465ee728b)
Number of updated assets reloaded before import = 0
Start importing Assets/PXR_HandPoseConfig_0517082844.asset using Guid(f3e104cc1b3ff1841ace95c176a51b83) Importer(815301076,1909f56bfc062723c751e8b465ee728b)  -> (artifact id: 'e42578575c4ddaedcb70726ab4d494ce') in 0.019110 seconds 
Number of asset objects unloaded after import = 1
========================================================================
Received Import Request.
  Time since last request: 14.515624 seconds.
  path: Assets/hand/LeftThumbsUp.asset
  artifactKey: Guid(f3e104cc1b3ff1841ace95c176a51b83) Importer(815301076,1909f56bfc062723c751e8b465ee728b)
Number of updated assets reloaded before import = 0
Start importing Assets/hand/LeftThumbsUp.asset using Guid(f3e104cc1b3ff1841ace95c176a51b83) Importer(815301076,1909f56bfc062723c751e8b465ee728b)  -> (artifact id: 'e5324d060012872b667514491fdd1f9f') in 0.005581 seconds 
Number of asset objects unloaded after import = 1
========================================================================
Received Import Request.
  Time since last request: 124.766507 seconds.
  path: Assets/PXR_HandPoseConfig_0517083103.asset
  artifactKey: Guid(fcca91397a2550c43a402b46d730f505) Importer(815301076,1909f56bfc062723c751e8b465ee728b)
Number of updated assets reloaded before import = 0
Start importing Assets/PXR_HandPoseConfig_0517083103.asset using Guid(fcca91397a2550c43a402b46d730f505) Importer(815301076,1909f56bfc062723c751e8b465ee728b)  -> (artifact id: 'ab63e86fc3cc524b9edd46ad49a4db56') in 0.018013 seconds 
Number of asset objects unloaded after import = 1
========================================================================
Received Import Request.
  Time since last request: 9.057421 seconds.
  path: Assets/hand/LeftThumbsUp.asset
  artifactKey: Guid(fcca91397a2550c43a402b46d730f505) Importer(815301076,1909f56bfc062723c751e8b465ee728b)
Number of updated assets reloaded before import = 0
Start importing Assets/hand/LeftThumbsUp.asset using Guid(fcca91397a2550c43a402b46d730f505) Importer(815301076,1909f56bfc062723c751e8b465ee728b)  -> (artifact id: '656d733e134b748ed1d601a40be25601') in 0.005684 seconds 
Number of asset objects unloaded after import = 1
========================================================================
Received Import Request.
  Time since last request: 28.010435 seconds.
  path: Assets/PXR_HandPoseConfig_0517083139.asset
  artifactKey: Guid(a31475abf15f0b448abb9f39ae2afb60) Importer(815301076,1909f56bfc062723c751e8b465ee728b)
Number of updated assets reloaded before import = 0
Start importing Assets/PXR_HandPoseConfig_0517083139.asset using Guid(a31475abf15f0b448abb9f39ae2afb60) Importer(815301076,1909f56bfc062723c751e8b465ee728b)  -> (artifact id: '47818f5d7ea963ecd2107999428b2315') in 0.019649 seconds 
Number of asset objects unloaded after import = 1
========================================================================
Received Import Request.
  Time since last request: 72.089904 seconds.
  path: Assets/PXR_HandPoseConfig_0517083253.asset
  artifactKey: Guid(0a533480190b9f144bd0039cdc34a825) Importer(815301076,1909f56bfc062723c751e8b465ee728b)
Number of updated assets reloaded before import = 0
Start importing Assets/PXR_HandPoseConfig_0517083253.asset using Guid(0a533480190b9f144bd0039cdc34a825) Importer(815301076,1909f56bfc062723c751e8b465ee728b)  -> (artifact id: 'c1f504c6ab487eea6ec63ca0cd3bb24a') in 0.017509 seconds 
Number of asset objects unloaded after import = 1
========================================================================
Received Import Request.
  Time since last request: 9.921433 seconds.
  path: Assets/hand/right.asset
  artifactKey: Guid(0a533480190b9f144bd0039cdc34a825) Importer(815301076,1909f56bfc062723c751e8b465ee728b)
Number of updated assets reloaded before import = 0
Start importing Assets/hand/right.asset using Guid(0a533480190b9f144bd0039cdc34a825) Importer(815301076,1909f56bfc062723c751e8b465ee728b)  -> (artifact id: '683c1046e3052bdaae51d65226550c4e') in 0.028708 seconds 
Number of asset objects unloaded after import = 1
========================================================================
Received Import Request.
  Time since last request: 346.810385 seconds.
  path: Assets/hand/right.asset
  artifactKey: Guid(0a533480190b9f144bd0039cdc34a825) Importer(815301076,1909f56bfc062723c751e8b465ee728b)
Number of updated assets reloaded before import = 0
Start importing Assets/hand/right.asset using Guid(0a533480190b9f144bd0039cdc34a825) Importer(815301076,1909f56bfc062723c751e8b465ee728b)  -> (artifact id: 'f3ac6de986dec9bc4db655b99e3dc243') in 0.012082 seconds 
Number of asset objects unloaded after import = 1
========================================================================
Received Import Request.
  Time since last request: 17.850294 seconds.
  path: Assets/PXR_HandPoseConfig_0517083907.asset
  artifactKey: Guid(f5abce6f8ee1d874d9a2663254c538f6) Importer(815301076,1909f56bfc062723c751e8b465ee728b)
Number of updated assets reloaded before import = 0
Start importing Assets/PXR_HandPoseConfig_0517083907.asset using Guid(f5abce6f8ee1d874d9a2663254c538f6) Importer(815301076,1909f56bfc062723c751e8b465ee728b)  -> (artifact id: '08b46487812c3c32cfb2355bf80b2d7f') in 0.017972 seconds 
Number of asset objects unloaded after import = 1
========================================================================
Received Import Request.
  Time since last request: 8.912411 seconds.
  path: Assets/hand/left.asset
  artifactKey: Guid(f5abce6f8ee1d874d9a2663254c538f6) Importer(815301076,1909f56bfc062723c751e8b465ee728b)
Number of updated assets reloaded before import = 0
Start importing Assets/hand/left.asset using Guid(f5abce6f8ee1d874d9a2663254c538f6) Importer(815301076,1909f56bfc062723c751e8b465ee728b)  -> (artifact id: '2dda84685ab3fafede36597ba74c4b12') in 0.026370 seconds 
Number of asset objects unloaded after import = 1
========================================================================
Received Import Request.
  Time since last request: 161.303446 seconds.
  path: Assets/hand/left.asset
  artifactKey: Guid(f5abce6f8ee1d874d9a2663254c538f6) Importer(815301076,1909f56bfc062723c751e8b465ee728b)
Number of updated assets reloaded before import = 0
Start importing Assets/hand/left.asset using Guid(f5abce6f8ee1d874d9a2663254c538f6) Importer(815301076,1909f56bfc062723c751e8b465ee728b)  -> (artifact id: 'c92dfa28f53a9eca8a23c245a7c30dfd') in 0.007203 seconds 
Number of asset objects unloaded after import = 1
========================================================================
Received Import Request.
  Time since last request: 162.376100 seconds.
  path: Assets/Scripts/PlayerMove/PlayerMovement.cs
  artifactKey: Guid(b3083de82d00d184b8c51891759bad7b) Importer(815301076,1909f56bfc062723c751e8b465ee728b)
Number of updated assets reloaded before import = 0
Start importing Assets/Scripts/PlayerMove/PlayerMovement.cs using Guid(b3083de82d00d184b8c51891759bad7b) Importer(815301076,1909f56bfc062723c751e8b465ee728b)  -> (artifact id: '522b8578ab1bd0eef22ac6c5c20e1c01') in 0.032932 seconds 
Number of asset objects unloaded after import = 0
========================================================================
Received Import Request.
  Time since last request: 388.047098 seconds.
  path: Assets/Scenes/level2.unity
  artifactKey: Guid(873511b4db171ae499903048940e8b97) Importer(815301076,1909f56bfc062723c751e8b465ee728b)
Number of updated assets reloaded before import = 0
Start importing Assets/Scenes/level2.unity using Guid(873511b4db171ae499903048940e8b97) Importer(815301076,1909f56bfc062723c751e8b465ee728b)  -> (artifact id: 'a492cd502adb7b13b0789dd4206f2c70') in 0.018116 seconds 
Number of asset objects unloaded after import = 0
========================================================================
Received Import Request.
  Time since last request: 12.502334 seconds.
  path: Assets/Scenes/level1.unity
  artifactKey: Guid(9fc0d4010bbf28b4594072e72b8655ab) Importer(815301076,1909f56bfc062723c751e8b465ee728b)
Number of updated assets reloaded before import = 0
Start importing Assets/Scenes/level1.unity using Guid(9fc0d4010bbf28b4594072e72b8655ab) Importer(815301076,1909f56bfc062723c751e8b465ee728b)  -> (artifact id: '9ea64c0f374c305273d95fb62972f61d') in 0.017107 seconds 
Number of asset objects unloaded after import = 0
========================================================================
Received Import Request.
  Time since last request: 69.101365 seconds.
  path: Assets/Scenes/level2.unity
  artifactKey: Guid(873511b4db171ae499903048940e8b97) Importer(815301076,1909f56bfc062723c751e8b465ee728b)
Number of updated assets reloaded before import = 0
Start importing Assets/Scenes/level2.unity using Guid(873511b4db171ae499903048940e8b97) Importer(815301076,1909f56bfc062723c751e8b465ee728b)  -> (artifact id: 'c50cdf6069a5eae95b1445409aa665dc') in 0.004722 seconds 
Number of asset objects unloaded after import = 0
========================================================================
Received Prepare
Refreshing native plugins compatible for Editor in 55.22 ms, found 14 plugins.
Preloading 3 native plugins for Editor in 0.85 ms.
Unloading 48 Unused Serialized files (Serialized files now loaded: 0)
Unloading 48 unused Assets / (22.9 KB). Loaded Objects now: 5275.
Memory consumption went from 96.6 MB to 96.6 MB.
Total: 29.482200 ms (FindLiveObjects: 0.635000 ms CreateObjectMapping: 0.414700 ms MarkObjects: 28.371100 ms  DeleteObjects: 0.059900 ms)

AssetImportParameters requested are different than current active one (requested -> active):
  custom:video-decoder-ogg-theora: a1e56fd34408186e4bbccfd4996cb3dc -> 
  custom:container-muxer-webm: aa71ff27fc2769a1b78a27578f13a17b -> 
  custom:container-demuxer-webm: 4f35f7cbe854078d1ac9338744f61a02 -> 
  custom:video-encoder-webm-vp8: eb34c28f22e8b96e1ab97ce403110664 -> 
  custom:video-codec-MediaFoundation-h265: 746d11721c4dcdbdad8f713fa42b33f4 -> 
  custom:CustomObjectIndexerAttribute: bc11b3a6c3213fcdd17b65e7da85e133 -> 
  custom:audio-encoder-webm-vorbis: bf7c407c2cedff20999df2af8eb42d56 -> 
  custom:framework-win-MediaFoundation: 216162199b28c13a410421893ffa2e32 -> 
  custom:SearchIndexIgnoredProperties: e643bd26f0fe6173181afceb89e7c659 -> 
  custom:container-demuxer-ogg: 62fdf1f143b41e24485cea50d1cbac27 -> 
  custom:video-decoder-webm-vp8: 9c59270c3fd7afecdb556c50c9e8de78 -> 
  custom:audio-decoder-ogg-vorbis: bf7c407c2cedff20999df2af8eb42d56 -> 
========================================================================
Received Prepare
Registering precompiled user dll's ...
Registered in 0.042628 seconds.
Begin MonoManager ReloadAssembly
Native extension for WindowsStandalone target not found
Native extension for Android target not found
Refreshing native plugins compatible for Editor in 1.50 ms, found 14 plugins.
Preloading 3 native plugins for Editor in 1.10 ms.
PXRLog [Build Check]RegisterBuildPlayerHandler,Already Do not show: False
UnityEngine.StackTraceUtility:ExtractStackTrace ()
UnityEngine.DebugLogHandler:LogFormat (UnityEngine.LogType,UnityEngine.Object,string,object[])
UnityEngine.Logger:Log (UnityEngine.LogType,object)
UnityEngine.Debug:Log (object)
Unity.XR.PXR.Editor.PXR_SDKBuildCheck:.cctor () (at PICO Unity Integration SDK-3.4.0-20260226/Editor/PXR_SDKBuildCheck.cs:31)
System.Runtime.CompilerServices.RuntimeHelpers:RunClassConstructor (System.RuntimeTypeHandle)
UnityEditor.EditorAssemblies:ProcessInitializeOnLoadAttributes (System.Type[])

(Filename: PICO Unity Integration SDK-3.4.0-20260226/Editor/PXR_SDKBuildCheck.cs Line: 31)

[Package Manager] Server::EnsureServerProcessIsRunning -- launch failed, reason: Unity was launched with the -noUpm command-line argument
[Package Manager] Cannot connect to Unity Package Manager local server
[Package Manager] Server::EnsureServerProcessIsRunning -- launch failed, reason: Unity was launched with the -noUpm command-line argument
[Package Manager] Cannot connect to Unity Package Manager local server
[Package Manager] Server::EnsureServerProcessIsRunning -- launch failed, reason: Unity was launched with the -noUpm command-line argument
[Package Manager] Cannot connect to Unity Package Manager local server
进程外导入时不支持 CreateSerializedAsset
UnityEngine.StackTraceUtility:ExtractStackTrace ()
Unity.XR.PXR.PXR_ProjectSetting:GetProjectConfig () (at PICO Unity Integration SDK-3.4.0-20260226/Runtime/Scripts/PXR_ProjectSetting.cs:125)
Unity.XR.PXR.Editor.PXR_SDKSettingEditor:InitializeOnLoad () (at PICO Unity Integration SDK-3.4.0-20260226/Editor/PXR_SDKSettingEditor.cs:146)
System.Reflection.RuntimeMethodInfo:Invoke (object,System.Reflection.BindingFlags,System.Reflection.Binder,object[],System.Globalization.CultureInfo)
System.Reflection.MethodBase:Invoke (object,object[])
UnityEditor.EditorAssemblies:ProcessInitializeOnLoadMethodAttributes ()

[PICO Unity Integration SDK-3.4.0-20260226/Runtime/Scripts/PXR_ProjectSetting.cs line 125]

System.Reflection.TargetInvocationException: Exception has been thrown by the target of an invocation. ---> UnityEngine.UnityException: Creating asset at path Assets/Resources/PXR_ProjectSetting.asset failed.
  at (wrapper managed-to-native) UnityEditor.AssetDatabase.CreateAsset(UnityEngine.Object,string)
  at Unity.XR.PXR.PXR_ProjectSetting.GetProjectConfig () [0x0016f] in E:\SixBox\RunnerGame\PICO Unity Integration SDK-3.4.0-20260226\Runtime\Scripts\PXR_ProjectSetting.cs:125 
  at Unity.XR.PXR.Editor.PXR_SDKSettingEditor.InitializeOnLoad () [0x00000] in E:\SixBox\RunnerGame\PICO Unity Integration SDK-3.4.0-20260226\Editor\PXR_SDKSettingEditor.cs:146 
  at (wrapper managed-to-native) System.Reflection.RuntimeMethodInfo.InternalInvoke(System.Reflection.RuntimeMethodInfo,object,object[],System.Exception&)
  at System.Reflection.RuntimeMethodInfo.Invoke (System.Object obj, System.Reflection.BindingFlags invokeAttr, System.Reflection.Binder binder, System.Object[] parameters, System.Globalization.CultureInfo culture) [0x0006a] in <688f272cc27c4df98c503f9d1f1267d0>:0 
   --- End of inner exception stack trace ---
  at System.Reflection.RuntimeMethodInfo.Invoke (System.Object obj, System.Reflection.BindingFlags invokeAttr, System.Reflection.Binder binder, System.Object[] parameters, System.Globalization.CultureInfo culture) [0x00083] in <688f272cc27c4df98c503f9d1f1267d0>:0 
  at System.Reflection.MethodBase.Invoke (System.Object obj, System.Object[] parameters) [0x00000] in <688f272cc27c4df98c503f9d1f1267d0>:0 
  at UnityEditor.EditorAssemblies.ProcessInitializeOnLoadMethodAttributes () [0x000a5] in <1518627dacca44efa32edd45bc720c48>:0 
UnityEngine.StackTraceUtility:ExtractStackTrace ()
UnityEngine.DebugLogHandler:LogFormat (UnityEngine.LogType,UnityEngine.Object,string,object[])
UnityEngine.Logger:Log (UnityEngine.LogType,object)
UnityEngine.Debug:LogError (object)
UnityEditor.EditorAssemblies:ProcessInitializeOnLoadMethodAttributes ()

Mono: successfully reloaded assembly
- Completed reload, in  3.822 seconds
Domain Reload Profiling:
	ReloadAssembly (3824ms)
		BeginReloadAssembly (957ms)
			ExecutionOrderSort (0ms)
			DisableScriptedObjects (31ms)
			BackupInstance (0ms)
			ReleaseScriptingObjects (0ms)
			CreateAndSetChildDomain (422ms)
		EndReloadAssembly (2607ms)
			LoadAssemblies (444ms)
			RebuildTransferFunctionScriptingTraits (0ms)
			SetupTypeCache (595ms)
			ReleaseScriptCaches (2ms)
			RebuildScriptCaches (81ms)
			SetupLoadedEditorAssemblies (1555ms)
				LogAssemblyErrors (0ms)
				InitializePlatformSupportModulesInManaged (29ms)
				SetLoadedEditorAssemblies (1ms)
				RefreshPlugins (3ms)
				BeforeProcessingInitializeOnLoad (121ms)
				ProcessInitializeOnLoadAttributes (1293ms)
				ProcessInitializeOnLoadMethodAttributes (71ms)
				AfterProcessingInitializeOnLoad (37ms)
				EditorAssembliesLoaded (0ms)
			ExecutionOrderSort2 (0ms)
			AwakeInstancesAfterBackupRestoration (10ms)
Platform modules already initialized, skipping
Refreshing native plugins compatible for Editor in 2.51 ms, found 14 plugins.
Preloading 3 native plugins for Editor in 1.45 ms.
Unloading 4609 Unused Serialized files (Serialized files now loaded: 0)
Unloading 52 unused Assets / (23.0 KB). Loaded Objects now: 5279.
Memory consumption went from 187.8 MB to 187.8 MB.
Total: 5.828800 ms (FindLiveObjects: 0.437100 ms CreateObjectMapping: 0.396400 ms MarkObjects: 4.928000 ms  DeleteObjects: 0.065900 ms)

AssetImportParameters requested are different than current active one (requested -> active):
  custom:video-decoder-ogg-theora: a1e56fd34408186e4bbccfd4996cb3dc -> 
  custom:container-muxer-webm: aa71ff27fc2769a1b78a27578f13a17b -> 
  custom:container-demuxer-webm: 4f35f7cbe854078d1ac9338744f61a02 -> 
  custom:video-encoder-webm-vp8: eb34c28f22e8b96e1ab97ce403110664 -> 
  custom:video-codec-MediaFoundation-h265: 746d11721c4dcdbdad8f713fa42b33f4 -> 
  custom:CustomObjectIndexerAttribute: bc11b3a6c3213fcdd17b65e7da85e133 -> 
  custom:audio-encoder-webm-vorbis: bf7c407c2cedff20999df2af8eb42d56 -> 
  custom:framework-win-MediaFoundation: 216162199b28c13a410421893ffa2e32 -> 
  custom:SearchIndexIgnoredProperties: e643bd26f0fe6173181afceb89e7c659 -> 
  custom:container-demuxer-ogg: 62fdf1f143b41e24485cea50d1cbac27 -> 
  custom:video-decoder-webm-vp8: 9c59270c3fd7afecdb556c50c9e8de78 -> 
  custom:audio-decoder-ogg-vorbis: bf7c407c2cedff20999df2af8eb42d56 -> 
========================================================================
Received Prepare
Registering precompiled user dll's ...
Registered in 0.038413 seconds.
Begin MonoManager ReloadAssembly
Native extension for WindowsStandalone target not found
Native extension for Android target not found
Refreshing native plugins compatible for Editor in 2.09 ms, found 14 plugins.
Preloading 3 native plugins for Editor in 1.50 ms.
PXRLog [Build Check]RegisterBuildPlayerHandler,Already Do not show: False
UnityEngine.StackTraceUtility:ExtractStackTrace ()
UnityEngine.DebugLogHandler:LogFormat (UnityEngine.LogType,UnityEngine.Object,string,object[])
UnityEngine.Logger:Log (UnityEngine.LogType,object)
UnityEngine.Debug:Log (object)
Unity.XR.PXR.Editor.PXR_SDKBuildCheck:.cctor () (at PICO Unity Integration SDK-3.4.0-20260226/Editor/PXR_SDKBuildCheck.cs:31)
System.Runtime.CompilerServices.RuntimeHelpers:RunClassConstructor (System.RuntimeTypeHandle)
UnityEditor.EditorAssemblies:ProcessInitializeOnLoadAttributes (System.Type[])

(Filename: PICO Unity Integration SDK-3.4.0-20260226/Editor/PXR_SDKBuildCheck.cs Line: 31)

[Package Manager] Server::EnsureServerProcessIsRunning -- launch failed, reason: Unity was launched with the -noUpm command-line argument
[Package Manager] Cannot connect to Unity Package Manager local server
[Package Manager] Server::EnsureServerProcessIsRunning -- launch failed, reason: Unity was launched with the -noUpm command-line argument
[Package Manager] Cannot connect to Unity Package Manager local server
[Package Manager] Server::EnsureServerProcessIsRunning -- launch failed, reason: Unity was launched with the -noUpm command-line argument
[Package Manager] Cannot connect to Unity Package Manager local server
进程外导入时不支持 CreateSerializedAsset
UnityEngine.StackTraceUtility:ExtractStackTrace ()
Unity.XR.PXR.PXR_ProjectSetting:GetProjectConfig () (at PICO Unity Integration SDK-3.4.0-20260226/Runtime/Scripts/PXR_ProjectSetting.cs:125)
Unity.XR.PXR.Editor.PXR_SDKSettingEditor:InitializeOnLoad () (at PICO Unity Integration SDK-3.4.0-20260226/Editor/PXR_SDKSettingEditor.cs:146)
System.Reflection.RuntimeMethodInfo:Invoke (object,System.Reflection.BindingFlags,System.Reflection.Binder,object[],System.Globalization.CultureInfo)
System.Reflection.MethodBase:Invoke (object,object[])
UnityEditor.EditorAssemblies:ProcessInitializeOnLoadMethodAttributes ()

[PICO Unity Integration SDK-3.4.0-20260226/Runtime/Scripts/PXR_ProjectSetting.cs line 125]

System.Reflection.TargetInvocationException: Exception has been thrown by the target of an invocation. ---> UnityEngine.UnityException: Creating asset at path Assets/Resources/PXR_ProjectSetting.asset failed.
  at (wrapper managed-to-native) UnityEditor.AssetDatabase.CreateAsset(UnityEngine.Object,string)
  at Unity.XR.PXR.PXR_ProjectSetting.GetProjectConfig () [0x0016f] in E:\SixBox\RunnerGame\PICO Unity Integration SDK-3.4.0-20260226\Runtime\Scripts\PXR_ProjectSetting.cs:125 
  at Unity.XR.PXR.Editor.PXR_SDKSettingEditor.InitializeOnLoad () [0x00000] in E:\SixBox\RunnerGame\PICO Unity Integration SDK-3.4.0-20260226\Editor\PXR_SDKSettingEditor.cs:146 
  at (wrapper managed-to-native) System.Reflection.RuntimeMethodInfo.InternalInvoke(System.Reflection.RuntimeMethodInfo,object,object[],System.Exception&)
  at System.Reflection.RuntimeMethodInfo.Invoke (System.Object obj, System.Reflection.BindingFlags invokeAttr, System.Reflection.Binder binder, System.Object[] parameters, System.Globalization.CultureInfo culture) [0x0006a] in <688f272cc27c4df98c503f9d1f1267d0>:0 
   --- End of inner exception stack trace ---
  at System.Reflection.RuntimeMethodInfo.Invoke (System.Object obj, System.Reflection.BindingFlags invokeAttr, System.Reflection.Binder binder, System.Object[] parameters, System.Globalization.CultureInfo culture) [0x00083] in <688f272cc27c4df98c503f9d1f1267d0>:0 
  at System.Reflection.MethodBase.Invoke (System.Object obj, System.Object[] parameters) [0x00000] in <688f272cc27c4df98c503f9d1f1267d0>:0 
  at UnityEditor.EditorAssemblies.ProcessInitializeOnLoadMethodAttributes () [0x000a5] in <1518627dacca44efa32edd45bc720c48>:0 
UnityEngine.StackTraceUtility:ExtractStackTrace ()
UnityEngine.DebugLogHandler:LogFormat (UnityEngine.LogType,UnityEngine.Object,string,object[])
UnityEngine.Logger:Log (UnityEngine.LogType,object)
UnityEngine.Debug:LogError (object)
UnityEditor.EditorAssemblies:ProcessInitializeOnLoadMethodAttributes ()

Mono: successfully reloaded assembly
- Completed reload, in  3.086 seconds
Domain Reload Profiling:
	ReloadAssembly (3087ms)
		BeginReloadAssembly (365ms)
			ExecutionOrderSort (0ms)
			DisableScriptedObjects (7ms)
			BackupInstance (0ms)
			ReleaseScriptingObjects (0ms)
			CreateAndSetChildDomain (59ms)
		EndReloadAssembly (2468ms)
			LoadAssemblies (331ms)
			RebuildTransferFunctionScriptingTraits (0ms)
			SetupTypeCache (466ms)
			ReleaseScriptCaches (2ms)
			RebuildScriptCaches (71ms)
			SetupLoadedEditorAssemblies (1594ms)
				LogAssemblyErrors (0ms)
				InitializePlatformSupportModulesInManaged (26ms)
				SetLoadedEditorAssemblies (1ms)
				RefreshPlugins (4ms)
				BeforeProcessingInitializeOnLoad (121ms)
				ProcessInitializeOnLoadAttributes (1337ms)
				ProcessInitializeOnLoadMethodAttributes (61ms)
				AfterProcessingInitializeOnLoad (44ms)
				EditorAssembliesLoaded (0ms)
			ExecutionOrderSort2 (0ms)
			AwakeInstancesAfterBackupRestoration (8ms)
Platform modules already initialized, skipping
Refreshing native plugins compatible for Editor in 2.10 ms, found 14 plugins.
Preloading 3 native plugins for Editor in 1.08 ms.
Unloading 4609 Unused Serialized files (Serialized files now loaded: 0)
Unloading 52 unused Assets / (23.0 KB). Loaded Objects now: 5284.
Memory consumption went from 187.8 MB to 187.8 MB.
Total: 5.967000 ms (FindLiveObjects: 0.447200 ms CreateObjectMapping: 0.371900 ms MarkObjects: 5.054000 ms  DeleteObjects: 0.092100 ms)

AssetImportParameters requested are different than current active one (requested -> active):
  custom:video-decoder-ogg-theora: a1e56fd34408186e4bbccfd4996cb3dc -> 
  custom:container-muxer-webm: aa71ff27fc2769a1b78a27578f13a17b -> 
  custom:container-demuxer-webm: 4f35f7cbe854078d1ac9338744f61a02 -> 
  custom:video-encoder-webm-vp8: eb34c28f22e8b96e1ab97ce403110664 -> 
  custom:video-codec-MediaFoundation-h265: 746d11721c4dcdbdad8f713fa42b33f4 -> 
  custom:CustomObjectIndexerAttribute: bc11b3a6c3213fcdd17b65e7da85e133 -> 
  custom:audio-encoder-webm-vorbis: bf7c407c2cedff20999df2af8eb42d56 -> 
  custom:framework-win-MediaFoundation: 216162199b28c13a410421893ffa2e32 -> 
  custom:SearchIndexIgnoredProperties: e643bd26f0fe6173181afceb89e7c659 -> 
  custom:container-demuxer-ogg: 62fdf1f143b41e24485cea50d1cbac27 -> 
  custom:video-decoder-webm-vp8: 9c59270c3fd7afecdb556c50c9e8de78 -> 
  custom:audio-decoder-ogg-vorbis: bf7c407c2cedff20999df2af8eb42d56 -> 
========================================================================
Received Import Request.
  Time since last request: 1255.405918 seconds.
  path: Assets/Scenes/hand
  artifactKey: Guid(e4d4dd4ad9c64264ba8cc78ae953c392) Importer(815301076,1909f56bfc062723c751e8b465ee728b)
Number of updated assets reloaded before import = 0
Start importing Assets/Scenes/hand using Guid(e4d4dd4ad9c64264ba8cc78ae953c392) Importer(815301076,1909f56bfc062723c751e8b465ee728b)  -> (artifact id: '4224aee0d10f1f6d456f7dc1fff249c2') in 0.028013 seconds 
Number of asset objects unloaded after import = 0
========================================================================
Received Import Request.
  Time since last request: 82.423332 seconds.
  path: Assets/Samples/XR Interaction Toolkit/2.4.3/XR Device Simulator/Scripts/XRDeviceSimulatorUI.cs
  artifactKey: Guid(e8b922481d9264546b97958b2c7cf0a0) Importer(815301076,1909f56bfc062723c751e8b465ee728b)
Number of updated assets reloaded before import = 0
Start importing Assets/Samples/XR Interaction Toolkit/2.4.3/XR Device Simulator/Scripts/XRDeviceSimulatorUI.cs using Guid(e8b922481d9264546b97958b2c7cf0a0) Importer(815301076,1909f56bfc062723c751e8b465ee728b)  -> (artifact id: 'bd09452486de02ef9200bf559e13f098') in 0.016710 seconds 
Number of asset objects unloaded after import = 0
========================================================================
Received Import Request.
  Time since last request: 0.018845 seconds.
  path: Assets/Samples/XR Interaction Toolkit/2.4.3/Starter Assets/XRI Default Input Actions.inputactions
  artifactKey: Guid(c348712bda248c246b8c49b3db54643f) Importer(815301076,1909f56bfc062723c751e8b465ee728b)
Number of updated assets reloaded before import = 0
Start importing Assets/Samples/XR Interaction Toolkit/2.4.3/Starter Assets/XRI Default Input Actions.inputactions using Guid(c348712bda248c246b8c49b3db54643f) Importer(815301076,1909f56bfc062723c751e8b465ee728b)  -> (artifact id: 'f7ce1c9032151a6e8ec4e45fe665ec66') in 0.063767 seconds 
Number of asset objects unloaded after import = 73
========================================================================
Received Import Request.
  Time since last request: 0.106808 seconds.
  path: Assets/Samples/XR Interaction Toolkit/2.4.3/Hands Interaction Demo/Runtime/Scripts/PokeGestureDetector.cs
  artifactKey: Guid(dbac611a2982409ab5f5e604f53bcad0) Importer(815301076,1909f56bfc062723c751e8b465ee728b)
Number of updated assets reloaded before import = 0
Start importing Assets/Samples/XR Interaction Toolkit/2.4.3/Hands Interaction Demo/Runtime/Scripts/PokeGestureDetector.cs using Guid(dbac611a2982409ab5f5e604f53bcad0) Importer(815301076,1909f56bfc062723c751e8b465ee728b)  -> (artifact id: '02eceb851089228fabc397d0264a63d6') in 0.015513 seconds 
Number of asset objects unloaded after import = 0
========================================================================
Received Import Request.
  Time since last request: 0.051602 seconds.
  path: Assets/Samples/XR Interaction Toolkit/2.4.3/Starter Assets/Scripts/GazeInputManager.cs
  artifactKey: Guid(6ef0e4723b64c884699a375196c13ac0) Importer(815301076,1909f56bfc062723c751e8b465ee728b)
Number of updated assets reloaded before import = 0
Start importing Assets/Samples/XR Interaction Toolkit/2.4.3/Starter Assets/Scripts/GazeInputManager.cs using Guid(6ef0e4723b64c884699a375196c13ac0) Importer(815301076,1909f56bfc062723c751e8b465ee728b)  -> (artifact id: '1ca69fb8c1853e0999c9bb5dd93dcba4') in 0.015430 seconds 
Number of asset objects unloaded after import = 0
========================================================================
Received Import Request.
  Time since last request: 0.080555 seconds.
  path: Assets/Samples/XR Interaction Toolkit/2.4.3/XR Device Simulator/Scripts/XRDeviceSimulatorControllerUI.cs
  artifactKey: Guid(a907ece591e731e49b5d7be45f089972) Importer(815301076,1909f56bfc062723c751e8b465ee728b)
Number of updated assets reloaded before import = 0
Start importing Assets/Samples/XR Interaction Toolkit/2.4.3/XR Device Simulator/Scripts/XRDeviceSimulatorControllerUI.cs using Guid(a907ece591e731e49b5d7be45f089972) Importer(815301076,1909f56bfc062723c751e8b465ee728b)  -> (artifact id: '0cdb7a58c597a059ec1fd170decc6d31') in 0.014134 seconds 
Number of asset objects unloaded after import = 0
========================================================================
Received Import Request.
  Time since last request: 0.013066 seconds.
  path: Assets/Samples/XR Interaction Toolkit/2.4.3/Hands Interaction Demo/Editor/Scripts/HandsInteractionSampleProjectValidation.cs
  artifactKey: Guid(0deb305527bf17143801528616ee4f73) Importer(815301076,1909f56bfc062723c751e8b465ee728b)
Number of updated assets reloaded before import = 0
Start importing Assets/Samples/XR Interaction Toolkit/2.4.3/Hands Interaction Demo/Editor/Scripts/HandsInteractionSampleProjectValidation.cs using Guid(0deb305527bf17143801528616ee4f73) Importer(815301076,1909f56bfc062723c751e8b465ee728b)  -> (artifact id: 'a17605845d713f3c25be03e43944b946') in 0.014898 seconds 
Number of asset objects unloaded after import = 0
========================================================================
Received Import Request.
  Time since last request: 0.056079 seconds.
  path: Assets/Samples/XR Interaction Toolkit/2.4.3/Starter Assets/Scripts/XRPokeFollowAffordance.cs
  artifactKey: Guid(07b3638c2f5db5b479ff24c2859713d4) Importer(815301076,1909f56bfc062723c751e8b465ee728b)
Number of updated assets reloaded before import = 0
Start importing Assets/Samples/XR Interaction Toolkit/2.4.3/Starter Assets/Scripts/XRPokeFollowAffordance.cs using Guid(07b3638c2f5db5b479ff24c2859713d4) Importer(815301076,1909f56bfc062723c751e8b465ee728b)  -> (artifact id: '5ef7b34b9809878025893140a5501e55') in 0.015146 seconds 
Number of asset objects unloaded after import = 0
========================================================================
Received Import Request.
  Time since last request: 0.032078 seconds.
  path: Assets/Sound/music.mp3
  artifactKey: Guid(fb159b1348813864a91516187cc3ce45) Importer(815301076,1909f56bfc062723c751e8b465ee728b)
Number of updated assets reloaded before import = 0
Start importing Assets/Sound/music.mp3 using Guid(fb159b1348813864a91516187cc3ce45) Importer(815301076,1909f56bfc062723c751e8b465ee728b)  -> (artifact id: '037e04e5eb93f2b410055cccc9189c1c') in 0.221800 seconds 
Number of asset objects unloaded after import = 2
========================================================================
Received Import Request.
  Time since last request: 0.071971 seconds.
  path: Assets/Samples/XR Interaction Toolkit/2.4.3/Hands Interaction Demo/Runtime/Scripts/ToggleGameObject.cs
  artifactKey: Guid(646ef16ad2fbd1944b40157feffe8574) Importer(815301076,1909f56bfc062723c751e8b465ee728b)
Number of updated assets reloaded before import = 0
Start importing Assets/Samples/XR Interaction Toolkit/2.4.3/Hands Interaction Demo/Runtime/Scripts/ToggleGameObject.cs using Guid(646ef16ad2fbd1944b40157feffe8574) Importer(815301076,1909f56bfc062723c751e8b465ee728b)  -> (artifact id: '0cc88147869e7613305ebb06bf2d0f43') in 0.012725 seconds 
Number of asset objects unloaded after import = 0
========================================================================
Received Import Request.
  Time since last request: 0.015618 seconds.
  path: Assets/Samples/XR Interaction Toolkit/2.4.3/Starter Assets/Scripts/DynamicMoveProvider.cs
  artifactKey: Guid(9b1e8c997df241c1a67045eeac79b41b) Importer(815301076,1909f56bfc062723c751e8b465ee728b)
Number of updated assets reloaded before import = 0
Start importing Assets/Samples/XR Interaction Toolkit/2.4.3/Starter Assets/Scripts/DynamicMoveProvider.cs using Guid(9b1e8c997df241c1a67045eeac79b41b) Importer(815301076,1909f56bfc062723c751e8b465ee728b)  -> (artifact id: '8d8ffca3611b04aa97c8a3cb39ff4050') in 0.012714 seconds 
Number of asset objects unloaded after import = 0
========================================================================
Received Import Request.
  Time since last request: 0.066162 seconds.
  path: Assets/Samples/XR Interaction Toolkit/2.4.3/Starter Assets/Editor/Scripts/StarterAssetsSampleProjectValidation.cs
  artifactKey: Guid(ef67ceb22b2224643a2d5004fc2a678a) Importer(815301076,1909f56bfc062723c751e8b465ee728b)
Number of updated assets reloaded before import = 0
Start importing Assets/Samples/XR Interaction Toolkit/2.4.3/Starter Assets/Editor/Scripts/StarterAssetsSampleProjectValidation.cs using Guid(ef67ceb22b2224643a2d5004fc2a678a) Importer(815301076,1909f56bfc062723c751e8b465ee728b)  -> (artifact id: '9f27e2a48734b000f60d3098b69b8578') in 0.014536 seconds 
Number of asset objects unloaded after import = 0
========================================================================
Received Import Request.
  Time since last request: 0.052289 seconds.
  path: Assets/Samples/XR Interaction Toolkit/2.4.3/Hands Interaction Demo/Runtime/Scripts/ObjectResetPlane.cs
  artifactKey: Guid(54ce4268a4182384da360e6e2654d3a6) Importer(815301076,1909f56bfc062723c751e8b465ee728b)
Number of updated assets reloaded before import = 0
Start importing Assets/Samples/XR Interaction Toolkit/2.4.3/Hands Interaction Demo/Runtime/Scripts/ObjectResetPlane.cs using Guid(54ce4268a4182384da360e6e2654d3a6) Importer(815301076,1909f56bfc062723c751e8b465ee728b)  -> (artifact id: '5ae5cbabe305d119c473c6c85c9f325b') in 0.013197 seconds 
Number of asset objects unloaded after import = 0
========================================================================
Received Import Request.
  Time since last request: 0.054220 seconds.
  path: Assets/Samples/XR Interaction Toolkit/2.4.3/Meta Gaze Adapter/Editor/Scripts/GazeAdapterSampleProjectValidation.cs
  artifactKey: Guid(d6ff8169aa908db4b8d10a8a0cfa3052) Importer(815301076,1909f56bfc062723c751e8b465ee728b)
Number of updated assets reloaded before import = 0
Start importing Assets/Samples/XR Interaction Toolkit/2.4.3/Meta Gaze Adapter/Editor/Scripts/GazeAdapterSampleProjectValidation.cs using Guid(d6ff8169aa908db4b8d10a8a0cfa3052) Importer(815301076,1909f56bfc062723c751e8b465ee728b)  -> (artifact id: '4f6a946e5071d3b0896e5fc8391623fc') in 0.013900 seconds 
Number of asset objects unloaded after import = 0
========================================================================
Received Import Request.
  Time since last request: 0.013962 seconds.
  path: Assets/Samples/XR Interaction Toolkit/2.4.3/XR Device Simulator/Scripts/XRDeviceSimulatorHandsUI.cs
  artifactKey: Guid(f35ac646ecbef4ece8c3eac9e74e1828) Importer(815301076,1909f56bfc062723c751e8b465ee728b)
Number of updated assets reloaded before import = 0
Start importing Assets/Samples/XR Interaction Toolkit/2.4.3/XR Device Simulator/Scripts/XRDeviceSimulatorHandsUI.cs using Guid(f35ac646ecbef4ece8c3eac9e74e1828) Importer(815301076,1909f56bfc062723c751e8b465ee728b)  -> (artifact id: 'd7698ff53d65c47e2833173d36996568') in 0.015918 seconds 
Number of asset objects unloaded after import = 0
========================================================================
Received Import Request.
  Time since last request: 0.013480 seconds.
  path: Assets/Skybox/Sky.mat
  artifactKey: Guid(3a693778dc9529c44a2e64ab5781f7f5) Importer(815301076,1909f56bfc062723c751e8b465ee728b)
Number of updated assets reloaded before import = 0
Start importing Assets/Skybox/Sky.mat using Guid(3a693778dc9529c44a2e64ab5781f7f5) Importer(815301076,1909f56bfc062723c751e8b465ee728b)  -> (artifact id: '417fd8dfadf1b75400154fb7a81b2416') in 0.305185 seconds 
Number of asset objects unloaded after import = 7
========================================================================
Received Import Request.
  Time since last request: 0.044290 seconds.
  path: Assets/Samples/XR Interaction Toolkit/2.4.3/Starter Assets/Scripts/ActionBasedControllerManager.cs
  artifactKey: Guid(f9ac216f0eb04754b1d938aac6380b31) Importer(815301076,1909f56bfc062723c751e8b465ee728b)
Number of updated assets reloaded before import = 0
Start importing Assets/Samples/XR Interaction Toolkit/2.4.3/Starter Assets/Scripts/ActionBasedControllerManager.cs using Guid(f9ac216f0eb04754b1d938aac6380b31) Importer(815301076,1909f56bfc062723c751e8b465ee728b)  -> (artifact id: '6f33a0f0e9edfd65d06d1bb5b679a3d7') in 0.016531 seconds 
Number of asset objects unloaded after import = 0
========================================================================
Received Import Request.
  Time since last request: 0.052200 seconds.
  path: Assets/Samples/XR Interaction Toolkit/2.4.3/Hands Interaction Demo/Runtime/Scripts/MetaSystemGestureDetector.cs
  artifactKey: Guid(a83bc4aa48d0da648b49d0fd56690b25) Importer(815301076,1909f56bfc062723c751e8b465ee728b)
Number of updated assets reloaded before import = 0
Start importing Assets/Samples/XR Interaction Toolkit/2.4.3/Hands Interaction Demo/Runtime/Scripts/MetaSystemGestureDetector.cs using Guid(a83bc4aa48d0da648b49d0fd56690b25) Importer(815301076,1909f56bfc062723c751e8b465ee728b)  -> (artifact id: '8c7c6ee69e8ca6d68a9dafc7c9fd5c9f') in 0.017337 seconds 
Number of asset objects unloaded after import = 0
========================================================================
Received Import Request.
  Time since last request: 0.051222 seconds.
  path: Assets/Samples/XR Interaction Toolkit/2.4.3/Starter Assets/Scripts/PokeStation/IncrementUIText.cs
  artifactKey: Guid(ba6ff5e7c92519444bc2a7ca46558963) Importer(815301076,1909f56bfc062723c751e8b465ee728b)
Number of updated assets reloaded before import = 0
Start importing Assets/Samples/XR Interaction Toolkit/2.4.3/Starter Assets/Scripts/PokeStation/IncrementUIText.cs using Guid(ba6ff5e7c92519444bc2a7ca46558963) Importer(815301076,1909f56bfc062723c751e8b465ee728b)  -> (artifact id: '84c2cb55df6d0cbe6b1d8db27fe6b776') in 0.017320 seconds 
Number of asset objects unloaded after import = 0
========================================================================
Received Import Request.
  Time since last request: 0.104216 seconds.
  path: Assets/Samples/XR Interaction Toolkit/2.4.3/Meta Gaze Adapter/Runtime/Scripts/OculusEyeGazeInputAdapter.cs
  artifactKey: Guid(658c4cbc899bd40419a8066157984ff6) Importer(815301076,1909f56bfc062723c751e8b465ee728b)
Number of updated assets reloaded before import = 0
Start importing Assets/Samples/XR Interaction Toolkit/2.4.3/Meta Gaze Adapter/Runtime/Scripts/OculusEyeGazeInputAdapter.cs using Guid(658c4cbc899bd40419a8066157984ff6) Importer(815301076,1909f56bfc062723c751e8b465ee728b)  -> (artifact id: '925549a8b4256696b2c03b1c2cd4e2f3') in 0.014206 seconds 
Number of asset objects unloaded after import = 0
========================================================================
Received Import Request.
  Time since last request: 0.206981 seconds.
  path: Assets/TextMesh Pro/Fonts/LiberationSans.ttf
  artifactKey: Guid(e3265ab4bf004d28a9537516768c1c75) Importer(815301076,1909f56bfc062723c751e8b465ee728b)
Number of updated assets reloaded before import = 0
Start importing Assets/TextMesh Pro/Fonts/LiberationSans.ttf using Guid(e3265ab4bf004d28a9537516768c1c75) Importer(815301076,1909f56bfc062723c751e8b465ee728b)  -> (artifact id: '05f45aad9852ec7f8fbfd2bb0a100b84') in 0.084190 seconds 
Number of asset objects unloaded after import = 4
